2026-03-15 14:48:11 - src.brain - INFO - Available Ollama models: ['qwen2.5-coder:7b', 'qwen2.5:1.5b', 'qwen2.5-coder:latest', 'llama3.2:latest']
2026-03-15 14:48:11 - src.brain - INFO - Using model: qwen2.5-coder:7b
2026-03-15 14:48:11 - src.brain - INFO - Brain initialized — fast: qwen2.5-coder:7b, primary: qwen2.5-coder:7b
2026-03-15 14:48:11 - src.brain - INFO - [Brain] Tool-calling loop iteration 1/10
2026-03-15 14:57:39 - __main__ - INFO - Starting Personal Desktop Assistant (Ollama Local Brain)...
2026-03-15 14:57:40 - src.voice_engine - INFO - Voice engine initialized with edge-tts and pygame
2026-03-15 14:57:40 - src.brain - INFO - Available Ollama models: ['qwen2.5-coder:7b', 'qwen2.5:1.5b', 'qwen2.5-coder:latest', 'llama3.2:latest']
2026-03-15 14:57:40 - src.brain - INFO - Using model: qwen2.5-coder:7b
2026-03-15 14:57:40 - src.brain - INFO - Brain initialized — fast: qwen2.5-coder:7b, primary: qwen2.5-coder:7b
2026-03-15 14:57:40 - src.voice_engine - INFO - Calibrating ambient noise (background)...
2026-03-15 14:57:40 - src.gui - INFO - Assistant GUI initialized
2026-03-15 14:57:42 - src.voice_engine - INFO - Ambient noise calibrated. Energy threshold: 150
2026-03-15 14:57:51 - src.voice_engine - INFO - Listening... (attempt 1/2)
2026-03-15 14:57:57 - src.voice_engine - INFO - Recognized: hello what's the time today
2026-03-15 14:58:02 - src.voice_engine - INFO - Listening... (attempt 1/2)
2026-03-15 14:58:09 - src.voice_engine - INFO - Recognized: good to know what's the weather like
2026-03-15 14:58:09 - src.brain - INFO - [Brain] Tool-calling loop iteration 1/10
2026-03-15 14:58:37 - src.voice_engine - INFO - Listening... (attempt 1/2)
2026-03-15 14:58:41 - src.voice_engine - WARNING - Could not understand audio (attempt 1/2)
2026-03-15 14:58:41 - src.voice_engine - INFO - Listening... (attempt 2/2)
2026-03-15 14:58:45 - src.voice_engine - WARNING - Timeout waiting for speech (attempt 2/2)
2026-03-15 14:58:45 - src.voice_engine - INFO - Listening... (attempt 1/2)
2026-03-15 14:58:50 - src.voice_engine - WARNING - Timeout waiting for speech (attempt 1/2)
2026-03-15 14:58:50 - src.voice_engine - INFO - Listening... (attempt 2/2)
2026-03-15 14:58:54 - src.voice_engine - WARNING - Timeout waiting for speech (attempt 2/2)
2026-03-15 14:58:55 - src.voice_engine - INFO - Listening... (attempt 1/2)
2026-03-15 14:59:02 - src.voice_engine - INFO - Recognized: sure go ahead
2026-03-15 14:59:02 - src.brain - INFO - [Brain] Tool-calling loop iteration 1/10
2026-03-15 14:59:05 - src.brain - INFO - Found 1 fallback tool calls.
2026-03-15 14:59:05 - src.brain - INFO - Calling tool: search_web with {'query': 'weather'}
2026-03-15 14:59:05 - src.system_controller - INFO - Opening URL: https://www.google.com/search?q=weather
2026-03-15 14:59:05 - src.brain - INFO - [Brain] Iteration 1: executed 1 tool(s), total actions: 1
2026-03-15 14:59:05 - src.brain - INFO - [Brain] Tool-calling loop iteration 2/10
2026-03-15 14:59:17 - src.voice_engine - INFO - Listening... (attempt 1/2)
2026-03-15 14:59:23 - src.voice_engine - INFO - Recognized: let's start creating a web app
2026-03-15 14:59:23 - src.brain - INFO - [Brain] Tool-calling loop iteration 1/10
2026-03-15 14:59:40 - src.voice_engine - INFO - Listening... (attempt 1/2)
2026-03-15 14:59:49 - src.voice_engine - INFO - Recognized: for now let's make a simple HTML static web page
2026-03-15 14:59:49 - src.brain - INFO - [Brain] Creation request detected — routing directly to force-execute (bypassing tool loop)
2026-03-15 14:59:49 - src.brain - INFO - [Brain] Force-executing creation (bypassing tool loop)
2026-03-15 15:00:34 - src.brain - INFO - [Brain] Got code response (1241 chars)
2026-03-15 15:00:34 - src.system_controller - INFO - Created folder: C:\Users\Chinmay\Desktop\html-static-web
2026-03-15 15:00:34 - src.brain - INFO - [Brain] Created project folder: C:\Users\Chinmay\Desktop/html-static-web
2026-03-15 15:00:34 - src.system_controller - INFO - Wrote to file: C:\Users\Chinmay\Desktop\html-static-web\index.html (652 chars)
2026-03-15 15:00:34 - src.brain - INFO - [Brain] Wrote (=== pattern): index.html (652 chars)
2026-03-15 15:00:34 - src.system_controller - INFO - Wrote to file: C:\Users\Chinmay\Desktop\html-static-web\style.css (364 chars)
2026-03-15 15:00:34 - src.brain - INFO - [Brain] Wrote (=== pattern): style.css (364 chars)
2026-03-15 15:00:34 - src.system_controller - INFO - Wrote to file: C:\Users\Chinmay\Desktop\html-static-web\script.js (107 chars)
2026-03-15 15:00:34 - src.brain - INFO - [Brain] Wrote (=== pattern): script.js (107 chars)
2026-03-15 15:00:48 - src.voice_engine - INFO - Listening... (attempt 1/2)
2026-03-15 15:00:52 - src.voice_engine - WARNING - Timeout waiting for speech (attempt 1/2)
2026-03-15 15:00:53 - src.voice_engine - INFO - Listening... (attempt 2/2)
2026-03-15 15:00:58 - src.voice_engine - INFO - Recognized: make its background of red colour
2026-03-15 15:00:58 - src.brain - INFO - [Brain] Creation request detected — routing directly to force-execute (bypassing tool loop)
2026-03-15 15:00:58 - src.brain - INFO - [Brain] Force-executing creation (bypassing tool loop)
2026-03-15 15:01:16 - src.brain - INFO - [Brain] Got code response (516 chars)
2026-03-15 15:01:16 - src.system_controller - INFO - Created folder: C:\Users\Chinmay\Desktop\its
2026-03-15 15:01:16 - src.brain - INFO - [Brain] Created project folder: C:\Users\Chinmay\Desktop/its
2026-03-15 15:01:16 - src.system_controller - INFO - Wrote to file: C:\Users\Chinmay\Desktop\its\index.html (316 chars)
2026-03-15 15:01:16 - src.brain - INFO - [Brain] Wrote (=== pattern): index.html (316 chars)
2026-03-15 15:01:16 - src.system_controller - INFO - Wrote to file: C:\Users\Chinmay\Desktop\its\style.css (35 chars)
2026-03-15 15:01:16 - src.brain - INFO - [Brain] Wrote (=== pattern): style.css (35 chars)
2026-03-15 15:01:16 - src.system_controller - INFO - Wrote to file: C:\Users\Chinmay\Desktop\its\script.js (47 chars)
2026-03-15 15:01:16 - src.brain - INFO - [Brain] Wrote (=== pattern): script.js (47 chars)
2026-03-15 15:01:30 - src.voice_engine - INFO - Listening... (attempt 1/2)
2026-03-15 15:01:34 - src.voice_engine - WARNING - Timeout waiting for speech (attempt 1/2)
2026-03-15 15:01:35 - src.voice_engine - INFO - Listening... (attempt 2/2)
2026-03-15 15:01:45 - src.voice_engine - INFO - Recognized: I meant improve the simple web page to have a red background
2026-03-15 15:01:45 - src.brain - INFO - [Brain] Modification request detected for 'C:\Users\Chinmay\Desktop/its'
2026-03-15 15:01:45 - src.brain - INFO - [Brain] Force-executing modification on 'C:\Users\Chinmay\Desktop/its'
2026-03-15 15:01:45 - src.system_controller - INFO - Read file: C:\Users\Chinmay\Desktop\its\index.html (316 chars)
2026-03-15 15:01:45 - src.system_controller - INFO - Read file: C:\Users\Chinmay\Desktop\its\script.js (47 chars)
2026-03-15 15:01:45 - src.system_controller - INFO - Read file: C:\Users\Chinmay\Desktop\its\style.css (35 chars)
2026-03-15 15:02:23 - src.system_controller - INFO - Wrote to file: C:\Users\Chinmay\Desktop\its\index.html (316 chars)
2026-03-15 15:02:23 - src.brain - INFO - [Brain] Wrote (=== pattern): index.html (316 chars)
2026-03-15 15:02:23 - src.system_controller - INFO - Wrote to file: C:\Users\Chinmay\Desktop\its\script.js (47 chars)
2026-03-15 15:02:23 - src.brain - INFO - [Brain] Wrote (=== pattern): script.js (47 chars)
2026-03-15 15:02:23 - src.system_controller - INFO - Wrote to file: C:\Users\Chinmay\Desktop\its\style.css (574 chars)
2026-03-15 15:02:23 - src.brain - INFO - [Brain] Wrote (=== pattern): style.css (574 chars)
2026-03-15 15:02:35 - src.voice_engine - INFO - Listening... (attempt 1/2)
2026-03-15 15:02:39 - src.voice_engine - WARNING - Timeout waiting for speech (attempt 1/2)
2026-03-15 15:02:40 - src.voice_engine - INFO - Listening... (attempt 2/2)
2026-03-15 15:02:44 - src.voice_engine - WARNING - Timeout waiting for speech (attempt 2/2)
2026-03-15 15:02:44 - src.voice_engine - INFO - Listening... (attempt 1/2)
2026-03-15 15:02:53 - src.voice_engine - INFO - Recognized: now add a table with dummy data in the centre
2026-03-15 15:02:53 - src.brain - INFO - [Brain] Tool-calling loop iteration 1/10
2026-03-15 15:02:59 - src.brain - WARNING - [Brain] FALSE COMPLETION detected on iteration 0: model claims action without tool calls.
2026-03-15 15:02:59 - src.brain - INFO - [Brain] Tool-calling loop iteration 2/10
2026-03-15 15:03:06 - src.brain - WARNING - [Brain] FALSE COMPLETION detected on iteration 1: model claims action without tool calls.
2026-03-15 15:03:06 - src.brain - INFO - [Brain] Tool-calling loop iteration 3/10
2026-03-15 15:03:11 - src.brain - WARNING - [Brain] FALSE COMPLETION detected on iteration 2: model claims action without tool calls.
2026-03-15 15:03:11 - src.brain - WARNING - [Brain] Model refused tools twice. Force-executing with code generation fallback.
2026-03-15 15:03:11 - src.brain - INFO - [Brain] Routing to modification for 'C:\Users\Chinmay\Desktop/its'
2026-03-15 15:03:11 - src.brain - INFO - [Brain] Force-executing modification on 'C:\Users\Chinmay\Desktop/its'
2026-03-15 15:03:11 - src.system_controller - INFO - Read file: C:\Users\Chinmay\Desktop\its\index.html (316 chars)
2026-03-15 15:03:11 - src.system_controller - INFO - Read file: C:\Users\Chinmay\Desktop\its\script.js (47 chars)
2026-03-15 15:03:11 - src.system_controller - INFO - Read file: C:\Users\Chinmay\Desktop\its\style.css (574 chars)
2026-03-15 15:03:58 - src.system_controller - INFO - Wrote to file: C:\Users\Chinmay\Desktop\its\index.html (820 chars)
2026-03-15 15:03:58 - src.brain - INFO - [Brain] Wrote (=== pattern): index.html (820 chars)
2026-03-15 15:03:58 - src.system_controller - INFO - Wrote to file: C:\Users\Chinmay\Desktop\its\style.css (397 chars)
2026-03-15 15:03:58 - src.brain - INFO - [Brain] Wrote (=== pattern): style.css (397 chars)
2026-03-15 15:04:09 - src.voice_engine - INFO - Listening... (attempt 1/2)
2026-03-15 15:04:15 - src.voice_engine - INFO - Recognized: make the background of black colour
2026-03-15 15:04:15 - src.brain - INFO - [Brain] Creation request detected — routing directly to force-execute (bypassing tool loop)
2026-03-15 15:04:15 - src.brain - INFO - [Brain] Force-executing creation (bypassing tool loop)
2026-03-15 15:04:41 - src.brain - INFO - [Brain] Got code response (717 chars)
2026-03-15 15:04:41 - src.system_controller - INFO - Created folder: C:\Users\Chinmay\Desktop\my-project
2026-03-15 15:04:41 - src.brain - INFO - [Brain] Created project folder: C:\Users\Chinmay\Desktop/my-project
2026-03-15 15:04:41 - src.system_controller - INFO - Wrote to file: C:\Users\Chinmay\Desktop\my-project\index.html (341 chars)
2026-03-15 15:04:41 - src.brain - INFO - [Brain] Wrote (=== pattern): index.html (341 chars)
2026-03-15 15:04:41 - src.system_controller - INFO - Wrote to file: C:\Users\Chinmay\Desktop\my-project\style.css (214 chars)
2026-03-15 15:04:41 - src.brain - INFO - [Brain] Wrote (=== pattern): style.css (214 chars)
2026-03-15 15:04:41 - src.system_controller - INFO - Wrote to file: C:\Users\Chinmay\Desktop\my-project\script.js (44 chars)
2026-03-15 15:04:41 - src.brain - INFO - [Brain] Wrote (=== pattern): script.js (44 chars)
2026-03-15 15:04:55 - src.voice_engine - INFO - Listening... (attempt 1/2)
2026-03-15 15:04:59 - src.voice_engine - WARNING - Timeout waiting for speech (attempt 1/2)
2026-03-15 15:04:59 - src.voice_engine - INFO - Listening... (attempt 2/2)
2026-03-15 15:05:03 - src.voice_engine - WARNING - Timeout waiting for speech (attempt 2/2)
2026-03-15 15:05:03 - src.voice_engine - INFO - Listening... (attempt 1/2)
2026-03-15 15:05:08 - src.voice_engine - WARNING - Timeout waiting for speech (attempt 1/2)
2026-03-15 15:05:08 - src.voice_engine - INFO - Listening... (attempt 2/2)
2026-03-15 15:05:11 - src.voice_engine - WARNING - Could not understand audio (attempt 2/2)
2026-03-15 15:05:11 - src.voice_engine - INFO - Listening... (attempt 1/2)
2026-03-15 15:05:15 - src.voice_engine - WARNING - Timeout waiting for speech (attempt 1/2)
2026-03-15 15:05:16 - src.voice_engine - INFO - Listening... (attempt 2/2)
2026-03-15 15:05:20 - src.voice_engine - WARNING - Timeout waiting for speech (attempt 2/2)
2026-03-15 15:05:20 - src.voice_engine - INFO - Listening... (attempt 1/2)
2026-03-15 15:05:24 - src.voice_engine - WARNING - Timeout waiting for speech (attempt 1/2)
2026-03-15 15:05:24 - src.voice_engine - INFO - Listening... (attempt 2/2)
2026-03-15 15:05:30 - src.voice_engine - WARNING - Could not understand audio (attempt 2/2)
2026-03-15 15:05:31 - src.voice_engine - INFO - Listening... (attempt 1/2)
2026-03-15 15:05:35 - src.voice_engine - WARNING - Timeout waiting for speech (attempt 1/2)
2026-03-15 15:05:35 - src.voice_engine - INFO - Listening... (attempt 2/2)
2026-03-15 15:05:39 - src.voice_engine - WARNING - Timeout waiting for speech (attempt 2/2)
2026-03-15 15:05:39 - src.voice_engine - INFO - Listening... (attempt 1/2)
2026-03-15 15:05:43 - src.voice_engine - WARNING - Timeout waiting for speech (attempt 1/2)
2026-03-15 15:05:43 - src.voice_engine - INFO - Listening... (attempt 2/2)
2026-03-15 15:05:47 - src.voice_engine - WARNING - Timeout waiting for speech (attempt 2/2)
2026-03-15 15:05:48 - src.voice_engine - INFO - Listening... (attempt 1/2)
2026-03-15 15:05:52 - src.voice_engine - WARNING - Timeout waiting for speech (attempt 1/2)
2026-03-15 15:05:52 - src.voice_engine - INFO - Listening... (attempt 2/2)
2026-03-15 15:05:56 - src.voice_engine - WARNING - Could not understand audio (attempt 2/2)
2026-03-15 15:05:56 - src.voice_engine - INFO - Listening... (attempt 1/2)
2026-03-15 15:06:00 - src.voice_engine - WARNING - Timeout waiting for speech (attempt 1/2)
2026-03-15 15:06:00 - src.voice_engine - INFO - Listening... (attempt 2/2)
2026-03-15 15:06:04 - src.voice_engine - WARNING - Timeout waiting for speech (attempt 2/2)
2026-03-15 15:06:04 - src.voice_engine - INFO - Listening... (attempt 1/2)
2026-03-15 15:06:08 - src.voice_engine - WARNING - Timeout waiting for speech (attempt 1/2)
2026-03-15 15:06:09 - src.voice_engine - INFO - Listening... (attempt 2/2)
2026-03-15 15:06:13 - src.voice_engine - WARNING - Timeout waiting for speech (attempt 2/2)
2026-03-15 15:06:14 - src.voice_engine - INFO - Listening... (attempt 1/2)
2026-03-15 15:06:32 - src.voice_engine - WARNING - Could not understand audio (attempt 1/2)
2026-03-15 15:06:33 - src.voice_engine - INFO - Listening... (attempt 2/2)
2026-03-15 15:06:37 - src.voice_engine - WARNING - Timeout waiting for speech (attempt 2/2)
2026-03-15 15:06:37 - src.voice_engine - INFO - Listening... (attempt 1/2)
2026-03-15 15:06:41 - src.voice_engine - WARNING - Timeout waiting for speech (attempt 1/2)
2026-03-15 15:06:41 - src.voice_engine - INFO - Listening... (attempt 2/2)
2026-03-15 15:06:45 - src.voice_engine - WARNING - Timeout waiting for speech (attempt 2/2)
2026-03-15 15:06:45 - src.voice_engine - INFO - Listening... (attempt 1/2)
2026-03-15 15:06:51 - src.voice_engine - INFO - Recognized: open camera
2026-03-15 15:06:51 - src.brain - INFO - [Fast Path] Opening: camera
2026-03-15 15:06:51 - src.system_controller - INFO - Opened camera (mapped to start microsoft.windows.camera:)
2026-03-15 15:06:51 - src.gui - INFO - Response is a status/path message, skipping TTS
2026-03-15 15:06:51 - src.voice_engine - INFO - Listening... (attempt 1/2)
2026-03-15 15:06:55 - src.voice_engine - WARNING - Timeout waiting for speech (attempt 1/2)
2026-03-15 15:06:56 - src.voice_engine - INFO - Listening... (attempt 2/2)
2026-03-15 15:07:02 - src.voice_engine - INFO - Recognized: click a picture
2026-03-15 15:07:02 - src.brain - INFO - [Brain] Tool-calling loop iteration 1/10
2026-03-15 15:07:17 - src.voice_engine - INFO - Listening... (attempt 1/2)
2026-03-15 15:07:21 - src.voice_engine - WARNING - Timeout waiting for speech (attempt 1/2)
2026-03-15 15:07:21 - src.voice_engine - INFO - Listening... (attempt 2/2)
2026-03-15 15:07:26 - src.voice_engine - INFO - Recognized: close spotify
2026-03-15 15:07:26 - src.brain - INFO - [Brain] Tool-calling loop iteration 1/10
2026-03-15 15:07:37 - src.voice_engine - INFO - Listening... (attempt 1/2)
2026-03-15 15:07:41 - src.voice_engine - WARNING - Timeout waiting for speech (attempt 1/2)
2026-03-15 15:07:42 - src.voice_engine - INFO - Listening... (attempt 2/2)
2026-03-15 15:07:47 - src.voice_engine - INFO - Recognized: close Spotify premium
2026-03-15 15:07:47 - src.brain - INFO - [Brain] Tool-calling loop iteration 1/10
2026-03-15 15:07:55 - src.brain - WARNING - [Brain] Detected refusal response: I'm sorry, but as an AI, I don't have the capability to close applications on yo
2026-03-15 15:07:55 - src.brain - INFO - [Brain] Tool-calling loop iteration 2/10
2026-03-15 15:08:00 - src.brain - WARNING - [Brain] Detected refusal response: Understood! If you have any other questions or need further assistance, feel fre
2026-03-15 15:08:00 - src.brain - INFO - [Brain] Tool-calling loop iteration 3/10
2026-03-15 15:08:11 - src.voice_engine - ERROR - Failed to speak: mixer not initialized
2026-03-15 15:13:54 - __main__ - INFO - Starting Personal Desktop Assistant (Ollama Local Brain)...
2026-03-15 15:13:54 - src.voice_engine - INFO - Voice engine initialized with edge-tts and pygame
2026-03-15 15:13:54 - src.brain - INFO - Available Ollama models: ['qwen2.5-coder:7b', 'qwen2.5:1.5b', 'qwen2.5-coder:latest', 'llama3.2:latest']
2026-03-15 15:13:54 - src.brain - INFO - Using model: qwen2.5-coder:7b
2026-03-15 15:13:54 - src.brain - INFO - Brain initialized — fast: qwen2.5-coder:7b, primary: qwen2.5-coder:7b
2026-03-15 15:13:55 - src.voice_engine - INFO - Calibrating ambient noise (background)...
2026-03-15 15:13:55 - src.gui - INFO - Assistant GUI initialized
2026-03-15 15:13:57 - src.voice_engine - INFO - Ambient noise calibrated. Energy threshold: 150
2026-03-15 15:14:01 - src.voice_engine - INFO - Listening... (attempt 1/2)
2026-03-15 15:14:06 - src.voice_engine - INFO - Recognized: what's the time now
2026-03-15 15:14:09 - src.voice_engine - INFO - Listening... (attempt 1/2)
2026-03-15 15:14:25 - src.voice_engine - INFO - Recognized: cool Let's create a simple web page with height in my as the text in between and a black background
2026-03-15 15:14:25 - src.brain - INFO - [Brain] Creation request detected — routing directly to force-execute (bypassing tool loop)
2026-03-15 15:14:25 - src.brain - INFO - [Brain] Force-executing creation (bypassing tool loop)
2026-03-15 15:14:53 - src.brain - INFO - [Brain] Got code response (683 chars)
2026-03-15 15:14:53 - src.system_controller - INFO - Created folder: C:\Users\Chinmay\Desktop\web
2026-03-15 15:14:53 - src.brain - INFO - [Brain] Created project folder: C:\Users\Chinmay\Desktop/web
2026-03-15 15:14:53 - src.system_controller - INFO - Wrote to file: C:\Users\Chinmay\Desktop\web\index.html (360 chars)
2026-03-15 15:14:53 - src.brain - INFO - [Brain] Wrote (=== pattern): index.html (360 chars)
2026-03-15 15:14:53 - src.system_controller - INFO - Wrote to file: C:\Users\Chinmay\Desktop\web\style.css (202 chars)
2026-03-15 15:14:53 - src.brain - INFO - [Brain] Wrote (=== pattern): style.css (202 chars)
2026-03-15 15:14:53 - src.system_controller - INFO - Wrote to file: C:\Users\Chinmay\Desktop\web\script.js (44 chars)
2026-03-15 15:14:53 - src.brain - INFO - [Brain] Wrote (=== pattern): script.js (44 chars)
2026-03-15 15:15:08 - src.voice_engine - INFO - Listening... (attempt 1/2)
2026-03-15 15:15:13 - src.voice_engine - WARNING - Timeout waiting for speech (attempt 1/2)
2026-03-15 15:15:13 - src.voice_engine - INFO - Listening... (attempt 2/2)
2026-03-15 15:15:22 - src.voice_engine - INFO - Recognized: now add a table to the left corner
2026-03-15 15:15:22 - src.brain - INFO - [Brain] Active project exists — routing to modification for 'C:\Users\Chinmay\Desktop/web'
2026-03-15 15:15:22 - src.brain - INFO - [Brain] Force-executing modification on 'C:\Users\Chinmay\Desktop/web'
2026-03-15 15:15:22 - src.system_controller - INFO - Read file: C:\Users\Chinmay\Desktop\web\index.html (360 chars)
2026-03-15 15:15:22 - src.system_controller - INFO - Read file: C:\Users\Chinmay\Desktop\web\script.js (44 chars)
2026-03-15 15:15:22 - src.system_controller - INFO - Read file: C:\Users\Chinmay\Desktop\web\style.css (202 chars)
2026-03-15 15:16:06 - src.system_controller - INFO - Wrote to file: C:\Users\Chinmay\Desktop\web\index.html (619 chars)
2026-03-15 15:16:06 - src.brain - INFO - [Brain] Wrote (=== pattern): index.html (619 chars)
2026-03-15 15:16:06 - src.system_controller - INFO - Wrote to file: C:\Users\Chinmay\Desktop\web\script.js (44 chars)
2026-03-15 15:16:06 - src.brain - INFO - [Brain] Wrote (=== pattern): script.js (44 chars)
2026-03-15 15:16:06 - src.system_controller - INFO - Wrote to file: C:\Users\Chinmay\Desktop\web\style.css (435 chars)
2026-03-15 15:16:06 - src.brain - INFO - [Brain] Wrote (=== pattern): style.css (435 chars)
2026-03-15 15:16:19 - src.voice_engine - INFO - Listening... (attempt 1/2)
2026-03-15 15:16:27 - src.voice_engine - INFO - Recognized: good now add flowers with CSS on the right side
2026-03-15 15:16:27 - src.brain - INFO - [Brain] Active project exists — routing to modification for 'C:\Users\Chinmay\Desktop/web'
2026-03-15 15:16:27 - src.brain - INFO - [Brain] Force-executing modification on 'C:\Users\Chinmay\Desktop/web'
2026-03-15 15:16:27 - src.system_controller - INFO - Read file: C:\Users\Chinmay\Desktop\web\index.html (619 chars)
2026-03-15 15:16:27 - src.system_controller - INFO - Read file: C:\Users\Chinmay\Desktop\web\script.js (44 chars)
2026-03-15 15:16:27 - src.system_controller - INFO - Read file: C:\Users\Chinmay\Desktop\web\style.css (435 chars)
2026-03-15 15:17:19 - src.system_controller - INFO - Wrote to file: C:\Users\Chinmay\Desktop\web\index.html (735 chars)
2026-03-15 15:17:19 - src.brain - INFO - [Brain] Wrote (=== pattern): index.html (735 chars)
2026-03-15 15:17:19 - src.system_controller - INFO - Wrote to file: C:\Users\Chinmay\Desktop\web\style.css (443 chars)
2026-03-15 15:17:19 - src.brain - INFO - [Brain] Wrote (=== pattern): style.css (443 chars)
2026-03-15 15:17:29 - src.voice_engine - INFO - Listening... (attempt 1/2)
2026-03-15 15:17:33 - src.voice_engine - WARNING - Timeout waiting for speech (attempt 1/2)
2026-03-15 15:17:34 - src.voice_engine - INFO - Listening... (attempt 2/2)
2026-03-15 15:17:38 - src.voice_engine - WARNING - Timeout waiting for speech (attempt 2/2)
2026-03-15 15:17:38 - src.voice_engine - INFO - Listening... (attempt 1/2)
2026-03-18 10:19:51 - __main__ - INFO - Starting Personal Desktop Assistant (Ollama Local Brain)...
2026-03-18 10:19:53 - src.voice_engine - INFO - Voice engine initialized with edge-tts and pygame
2026-03-18 10:19:53 - src.brain - INFO - Available Ollama models: ['qwen2.5-coder:7b', 'qwen2.5:1.5b', 'qwen2.5-coder:latest', 'llama3.2:latest']
2026-03-18 10:19:53 - src.brain - INFO - Using model: qwen2.5-coder:7b
2026-03-18 10:19:53 - src.brain - INFO - Brain initialized — fast: qwen2.5-coder:7b, primary: qwen2.5-coder:7b
2026-03-18 10:19:53 - src.voice_engine - INFO - Calibrating ambient noise (background)...
2026-03-18 10:19:54 - src.gui - INFO - Assistant GUI initialized
2026-03-18 10:19:55 - src.voice_engine - INFO - Ambient noise calibrated. Energy threshold: 172.2694542882936
2026-03-18 10:19:57 - src.voice_engine - INFO - Listening... (attempt 1/2)
2026-03-18 10:20:07 - src.gui - INFO - TTS stopped by user
2026-03-18 10:20:15 - src.voice_engine - INFO - Recognized: processing time today sentence
2026-03-18 10:20:15 - src.brain - INFO - [Brain] Tool-calling loop iteration 1/10
2026-03-18 10:20:31 - __main__ - INFO - Starting Personal Desktop Assistant (Ollama Local Brain)...
2026-03-18 10:20:32 - src.voice_engine - INFO - Voice engine initialized with edge-tts and pygame
2026-03-18 10:20:32 - src.brain - INFO - Available Ollama models: ['qwen2.5-coder:7b', 'qwen2.5:1.5b', 'qwen2.5-coder:latest', 'llama3.2:latest']
2026-03-18 10:20:32 - src.brain - INFO - Using model: qwen2.5-coder:7b
2026-03-18 10:20:32 - src.brain - INFO - Brain initialized — fast: qwen2.5-coder:7b, primary: qwen2.5-coder:7b
2026-03-18 10:20:32 - src.voice_engine - INFO - Calibrating ambient noise (background)...
2026-03-18 10:20:32 - src.gui - INFO - Assistant GUI initialized
2026-03-18 10:20:34 - src.voice_engine - INFO - Ambient noise calibrated. Energy threshold: 327.3111002086398
2026-03-18 10:20:36 - src.voice_engine - INFO - Listening... (attempt 1/2)
2026-03-18 10:20:43 - src.voice_engine - INFO - Recognized: get me a tic-tac-toe game on my desktop
2026-03-18 10:20:43 - src.brain - INFO - [Brain] Creation request detected — routing directly to force-execute (bypassing tool loop)
2026-03-18 10:20:43 - src.brain - INFO - [Brain] Force-executing creation (bypassing tool loop)
2026-03-18 10:22:06 - src.brain - INFO - [Brain] Got code response (2000 chars)
2026-03-18 10:22:06 - src.system_controller - INFO - Created folder: C:\Users\Chinmay\Desktop\tic-tac-toe
2026-03-18 10:22:06 - src.brain - INFO - [Brain] Created project folder: C:\Users\Chinmay\Desktop/tic-tac-toe
2026-03-18 10:22:06 - src.system_controller - INFO - Wrote to file: C:\Users\Chinmay\Desktop\tic-tac-toe\index.html (313 chars)
2026-03-18 10:22:06 - src.brain - INFO - [Brain] Wrote (=== pattern): index.html (313 chars)
2026-03-18 10:22:06 - src.system_controller - INFO - Wrote to file: C:\Users\Chinmay\Desktop\tic-tac-toe\style.css (331 chars)
2026-03-18 10:22:06 - src.brain - INFO - [Brain] Wrote (=== pattern): style.css (331 chars)
2026-03-18 10:22:06 - src.system_controller - INFO - Wrote to file: C:\Users\Chinmay\Desktop\tic-tac-toe\script.js (1238 chars)
2026-03-18 10:22:06 - src.brain - INFO - [Brain] Wrote (=== pattern): script.js (1238 chars)
2026-03-18 10:22:21 - src.voice_engine - INFO - Listening... (attempt 1/2)
2026-03-18 10:22:25 - src.voice_engine - WARNING - Timeout waiting for speech (attempt 1/2)
2026-03-18 10:22:25 - src.voice_engine - INFO - Listening... (attempt 2/2)
2026-03-18 10:22:42 - src.voice_engine - INFO - Recognized: Hyderabad
2026-03-18 10:22:42 - src.brain - INFO - [Brain] Active project exists — routing to modification for 'C:\Users\Chinmay\Desktop/tic-tac-toe'
2026-03-18 10:22:42 - src.brain - INFO - [Brain] Force-executing modification on 'C:\Users\Chinmay\Desktop/tic-tac-toe'
2026-03-18 10:22:42 - src.system_controller - INFO - Read file: C:\Users\Chinmay\Desktop\tic-tac-toe\index.html (313 chars)
2026-03-18 10:22:42 - src.system_controller - INFO - Read file: C:\Users\Chinmay\Desktop\tic-tac-toe\script.js (1238 chars)
2026-03-18 10:22:42 - src.system_controller - INFO - Read file: C:\Users\Chinmay\Desktop\tic-tac-toe\style.css (331 chars)
2026-03-18 10:22:57 - src.voice_engine - INFO - Listening... (attempt 1/2)
2026-03-18 10:23:01 - src.voice_engine - INFO - Recognized: open camera
2026-03-18 10:23:01 - src.brain - INFO - [Fast Path] Opening: camera
2026-03-18 10:23:01 - src.system_controller - INFO - Opened camera (mapped to start microsoft.windows.camera:)
2026-03-18 10:23:01 - src.gui - INFO - Response is a status/path message, skipping TTS
2026-03-18 10:23:02 - src.voice_engine - INFO - Listening... (attempt 1/2)
2026-03-18 10:23:12 - src.voice_engine - INFO - Recognized: open YouTube
2026-03-18 10:23:12 - src.brain - INFO - [Fast Path] Opening: youtube
2026-03-18 10:23:19 - src.voice_engine - INFO - Listening... (attempt 1/2)
2026-03-18 10:23:24 - src.voice_engine - INFO - Recognized: search YouTube on Chrome
2026-03-18 10:23:24 - src.brain - INFO - [Brain] Active project exists — routing to modification for 'C:\Users\Chinmay\Desktop/tic-tac-toe'
2026-03-18 10:23:24 - src.brain - INFO - [Brain] Force-executing modification on 'C:\Users\Chinmay\Desktop/tic-tac-toe'
2026-03-18 10:23:24 - src.system_controller - INFO - Read file: C:\Users\Chinmay\Desktop\tic-tac-toe\index.html (313 chars)
2026-03-18 10:23:24 - src.system_controller - INFO - Read file: C:\Users\Chinmay\Desktop\tic-tac-toe\script.js (1238 chars)
2026-03-18 10:23:24 - src.system_controller - INFO - Read file: C:\Users\Chinmay\Desktop\tic-tac-toe\style.css (331 chars)
2026-03-24 19:07:02 - __main__ - INFO - Starting Personal Desktop Assistant (Ollama Local Brain)...
2026-03-24 19:07:03 - src.voice_engine - INFO - Voice engine initialized with edge-tts and pygame
2026-03-24 19:07:03 - src.brain - INFO - Available Ollama models: ['qwen2.5-coder:7b', 'qwen2.5:1.5b', 'qwen2.5-coder:latest', 'llama3.2:latest']
2026-03-24 19:07:03 - src.brain - INFO - Using model: qwen2.5-coder:7b
2026-03-24 19:07:03 - src.brain - INFO - Brain initialized — fast: qwen2.5-coder:7b, primary: qwen2.5-coder:7b
2026-03-24 19:07:03 - src.voice_engine - INFO - Calibrating ambient noise (background)...
2026-03-24 19:07:03 - src.gui - INFO - Assistant GUI initialized
2026-03-24 19:07:05 - src.voice_engine - INFO - Ambient noise calibrated. Energy threshold: 229.57880158995343
2026-03-24 19:07:09 - src.voice_engine - INFO - Listening... (attempt 1/2)
2026-03-24 19:07:16 - src.voice_engine - INFO - Recognized: latest simple tic-tac-toe game for me on my desktop
2026-03-24 19:07:16 - src.brain - INFO - [Brain] Tool-calling loop iteration 1/10
2026-03-24 19:08:34 - src.brain - WARNING - [Brain] FALSE COMPLETION detected on iteration 0: model claims action without tool calls.
2026-03-24 19:08:34 - src.brain - INFO - [Brain] Tool-calling loop iteration 2/10
2026-03-24 19:08:39 - src.brain - INFO - Found 1 fallback tool calls.
2026-03-24 19:08:39 - src.brain - INFO - Calling tool: create_folder with {'folder_path': 'C:\\Users\\Chinmay\\Desktop\\TicTacToe'}
2026-03-24 19:08:39 - src.system_controller - INFO - Created folder: C:\Users\Chinmay\Desktop\TicTacToe
2026-03-24 19:08:39 - src.brain - INFO - [Brain] Injected post-write nudge to continue using tools
2026-03-24 19:08:39 - src.brain - INFO - [Brain] Iteration 2: executed 1 tool(s), total actions: 1
2026-03-24 19:08:39 - src.brain - INFO - [Brain] Tool-calling loop iteration 3/10
2026-03-24 19:10:55 - src.brain - WARNING - [Brain] Detected instruction-style response, re-prompting to use tools
2026-03-24 19:10:55 - src.brain - INFO - [Brain] Tool-calling loop iteration 4/10
2026-03-24 19:13:33 - src.brain - WARNING - [Brain] Detected instruction-style response, re-prompting to use tools
2026-03-24 19:13:33 - src.brain - INFO - [Brain] Tool-calling loop iteration 5/10
2026-04-10 22:38:05 - __main__ - INFO - Starting Personal Desktop Assistant (Local Ollama Brain)...
2026-04-10 22:38:06 - src.voice_engine - INFO - Voice engine initialized with edge-tts, pygame, and persistent event loop
2026-04-10 22:38:06 - src.brain - INFO - Available Ollama models: ['qwen2.5-coder:7b', 'qwen2.5:1.5b', 'qwen2.5-coder:latest', 'llama3.2:latest']
2026-04-10 22:38:06 - src.brain - INFO - Using model: qwen2.5-coder:7b
2026-04-10 22:38:06 - src.brain - INFO - Brain initialized — fast: qwen2.5-coder:7b, primary: qwen2.5-coder:7b
2026-04-10 22:38:06 - src.voice_engine - INFO - Calibrating ambient noise (background)...
2026-04-10 22:38:07 - src.gui - INFO - Assistant GUI initialized
2026-04-10 22:38:08 - src.voice_engine - INFO - Ambient noise calibrated. Energy threshold: 353.0904450795411
2026-04-10 22:38:11 - src.voice_engine - INFO - Listening... (attempt 1/2)
2026-04-10 22:38:25 - src.voice_engine - INFO - Recognized: hello
2026-04-10 22:38:25 - src.brain - INFO - [PERF] process_command took 0.00s
2026-04-10 22:38:41 - src.voice_engine - INFO - Listening... (attempt 1/2)
2026-04-10 22:38:55 - src.voice_engine - ERROR - Failed to speak: 
2026-04-10 22:38:59 - src.voice_engine - INFO - Recognized: can you tell me what's the time
2026-04-10 22:38:59 - src.brain - INFO - [PERF] process_command took 0.00s
2026-04-10 22:39:03 - src.voice_engine - INFO - Listening... (attempt 1/2)
2026-04-10 22:44:18 - __main__ - INFO - Starting Personal Desktop Assistant (Local Ollama Brain)...
2026-04-10 22:44:18 - src.voice_engine - INFO - Voice engine initialized with edge-tts, pygame, and persistent event loop
2026-04-10 22:44:18 - src.brain - INFO - Available Ollama models: ['qwen2.5-coder:7b', 'qwen2.5:1.5b', 'qwen2.5-coder:latest', 'llama3.2:latest']
2026-04-10 22:44:18 - src.brain - INFO - Using model: qwen2.5-coder:7b
2026-04-10 22:44:18 - src.brain - INFO - Brain initialized — fast: qwen2.5-coder:7b, primary: qwen2.5-coder:7b
2026-04-10 22:44:18 - src.voice_engine - INFO - Calibrating ambient noise (background)...
2026-04-10 22:44:19 - src.gui - INFO - Assistant GUI initialized
2026-04-10 22:44:20 - src.voice_engine - INFO - Ambient noise calibrated. Energy threshold: 568.5161361806302
2026-04-10 22:44:38 - src.brain - INFO - [Brain] Creation request detected — routing directly to force-execute (bypassing tool loop)
2026-04-10 22:44:38 - src.brain - INFO - [Brain] Force-executing creation (bypassing tool loop)
2026-04-10 22:45:55 - src.brain - INFO - [Brain] Got code response (1470 chars)
2026-04-10 22:45:55 - src.system_controller - INFO - Created folder: C:\Users\Chinmay\Desktop\html-web
2026-04-10 22:45:55 - src.brain - INFO - [Brain] Created project folder: C:\Users\Chinmay\Desktop/html-web
2026-04-10 22:45:55 - src.system_controller - INFO - Wrote to file: C:\Users\Chinmay\Desktop\html-web\index.html (864 bytes, 833 chars)
2026-04-10 22:45:55 - src.brain - INFO - [Brain] Wrote (=== pattern): index.html (833 chars)
2026-04-10 22:45:55 - src.system_controller - INFO - Wrote to file: C:\Users\Chinmay\Desktop\html-web\style.css (431 bytes, 402 chars)
2026-04-10 22:45:55 - src.brain - INFO - [Brain] Wrote (=== pattern): style.css (402 chars)
2026-04-10 22:45:55 - src.system_controller - INFO - Wrote to file: C:\Users\Chinmay\Desktop\html-web\script.js (161 bytes, 158 chars)
2026-04-10 22:45:55 - src.brain - INFO - [Brain] Wrote (=== pattern): script.js (158 chars)
2026-04-10 22:45:55 - src.brain - INFO - [PERF] process_command took 76.69s
2026-04-10 22:46:20 - src.brain - INFO - [Brain] Active project exists — routing to modification for 'C:\Users\Chinmay\Desktop/html-web'
2026-04-10 22:46:20 - src.brain - INFO - [Brain] Force-executing modification on 'C:\Users\Chinmay\Desktop/html-web'
2026-04-10 22:46:20 - src.system_controller - INFO - Read file: C:\Users\Chinmay\Desktop\html-web\index.html (833 chars)
2026-04-10 22:46:20 - src.system_controller - INFO - Read file: C:\Users\Chinmay\Desktop\html-web\script.js (158 chars)
2026-04-10 22:46:20 - src.system_controller - INFO - Read file: C:\Users\Chinmay\Desktop\html-web\style.css (402 chars)
2026-04-10 22:47:14 - src.system_controller - INFO - Wrote to file: C:\Users\Chinmay\Desktop\html-web\index.html (864 bytes, 833 chars)
2026-04-10 22:47:14 - src.brain - INFO - [Brain] Wrote (=== pattern): index.html (833 chars)
2026-04-10 22:47:14 - src.system_controller - INFO - Wrote to file: C:\Users\Chinmay\Desktop\html-web\script.js (161 bytes, 158 chars)
2026-04-10 22:47:14 - src.brain - INFO - [Brain] Wrote (=== pattern): script.js (158 chars)
2026-04-10 22:47:14 - src.system_controller - INFO - Wrote to file: C:\Users\Chinmay\Desktop\html-web\style.css (448 bytes, 419 chars)
2026-04-10 22:47:14 - src.brain - INFO - [Brain] Wrote (=== pattern): style.css (419 chars)
2026-04-10 22:47:14 - src.brain - INFO - [PERF] process_command took 53.48s
2026-04-10 22:48:37 - src.brain - INFO - [Brain] Active project exists — routing to modification for 'C:\Users\Chinmay\Desktop/html-web'
2026-04-10 22:48:37 - src.brain - INFO - [Brain] Force-executing modification on 'C:\Users\Chinmay\Desktop/html-web'
2026-04-10 22:48:37 - src.system_controller - INFO - Read file: C:\Users\Chinmay\Desktop\html-web\index.html (833 chars)
2026-04-10 22:48:37 - src.system_controller - INFO - Read file: C:\Users\Chinmay\Desktop\html-web\script.js (158 chars)
2026-04-10 22:48:37 - src.system_controller - INFO - Read file: C:\Users\Chinmay\Desktop\html-web\style.css (419 chars)
2026-04-10 22:49:32 - src.system_controller - INFO - Wrote to file: C:\Users\Chinmay\Desktop\html-web\index.html (864 bytes, 833 chars)
2026-04-10 22:49:32 - src.brain - INFO - [Brain] Wrote (=== pattern): index.html (833 chars)
2026-04-10 22:49:32 - src.system_controller - INFO - Wrote to file: C:\Users\Chinmay\Desktop\html-web\script.js (162 bytes, 159 chars)
2026-04-10 22:49:32 - src.brain - INFO - [Brain] Wrote (=== pattern): script.js (159 chars)
2026-04-10 22:49:32 - src.system_controller - INFO - Wrote to file: C:\Users\Chinmay\Desktop\html-web\style.css (452 bytes, 423 chars)
2026-04-10 22:49:32 - src.brain - INFO - [Brain] Wrote (=== pattern): style.css (423 chars)
2026-04-10 22:49:32 - src.brain - INFO - [PERF] process_command took 55.54s
2026-04-10 22:50:02 - src.brain - INFO - [Brain] Active project exists — routing to modification for 'C:\Users\Chinmay\Desktop/html-web'
2026-04-10 22:50:02 - src.brain - INFO - [Brain] Force-executing modification on 'C:\Users\Chinmay\Desktop/html-web'
2026-04-10 22:50:02 - src.system_controller - INFO - Read file: C:\Users\Chinmay\Desktop\html-web\index.html (833 chars)
2026-04-10 22:50:02 - src.system_controller - INFO - Read file: C:\Users\Chinmay\Desktop\html-web\script.js (159 chars)
2026-04-10 22:50:02 - src.system_controller - INFO - Read file: C:\Users\Chinmay\Desktop\html-web\style.css (423 chars)
2026-04-10 22:51:10 - src.system_controller - INFO - Wrote to file: C:\Users\Chinmay\Desktop\html-web\index.html (1116 bytes, 1084 chars)
2026-04-10 22:51:10 - src.brain - INFO - [Brain] Wrote (=== pattern): index.html (1084 chars)
2026-04-10 22:51:10 - src.system_controller - INFO - Wrote to file: C:\Users\Chinmay\Desktop\html-web\script.js (162 bytes, 159 chars)
2026-04-10 22:51:10 - src.brain - INFO - [Brain] Wrote (=== pattern): script.js (159 chars)
2026-04-10 22:51:10 - src.system_controller - INFO - Wrote to file: C:\Users\Chinmay\Desktop\html-web\style.css (452 bytes, 423 chars)
2026-04-10 22:51:10 - src.brain - INFO - [Brain] Wrote (=== pattern): style.css (423 chars)
2026-04-10 22:51:10 - src.brain - INFO - [PERF] process_command took 67.45s
2026-04-10 22:56:11 - src.brain - INFO - [Brain] Active project exists — routing to modification for 'C:\Users\Chinmay\Desktop/html-web'
2026-04-10 22:56:11 - src.brain - INFO - [Brain] Force-executing modification on 'C:\Users\Chinmay\Desktop/html-web'
2026-04-10 22:56:11 - src.system_controller - INFO - Read file: C:\Users\Chinmay\Desktop\html-web\index.html (1084 chars)
2026-04-10 22:56:11 - src.system_controller - INFO - Read file: C:\Users\Chinmay\Desktop\html-web\script.js (159 chars)
2026-04-10 22:56:11 - src.system_controller - INFO - Read file: C:\Users\Chinmay\Desktop\html-web\style.css (423 chars)
2026-04-10 22:57:38 - src.system_controller - INFO - Wrote to file: C:\Users\Chinmay\Desktop\html-web\index.html (1452 bytes, 1416 chars)
2026-04-10 22:57:38 - src.brain - INFO - [Brain] Wrote (=== pattern): index.html (1416 chars)
2026-04-10 22:57:38 - src.system_controller - INFO - Wrote to file: C:\Users\Chinmay\Desktop\html-web\script.js (162 bytes, 159 chars)
2026-04-10 22:57:38 - src.brain - INFO - [Brain] Wrote (=== pattern): script.js (159 chars)
2026-04-10 22:57:38 - src.system_controller - INFO - Wrote to file: C:\Users\Chinmay\Desktop\html-web\style.css (452 bytes, 423 chars)
2026-04-10 22:57:38 - src.brain - INFO - [Brain] Wrote (=== pattern): style.css (423 chars)
2026-04-10 22:57:38 - src.brain - INFO - [PERF] process_command took 87.18s
2026-04-10 22:59:41 - src.brain - INFO - [Brain] Active project exists — routing to modification for 'C:\Users\Chinmay\Desktop/html-web'
2026-04-10 22:59:41 - src.brain - INFO - [Brain] Force-executing modification on 'C:\Users\Chinmay\Desktop/html-web'
2026-04-10 22:59:41 - src.system_controller - INFO - Read file: C:\Users\Chinmay\Desktop\html-web\index.html (1416 chars)
2026-04-10 22:59:41 - src.system_controller - INFO - Read file: C:\Users\Chinmay\Desktop\html-web\script.js (159 chars)
2026-04-10 22:59:41 - src.system_controller - INFO - Read file: C:\Users\Chinmay\Desktop\html-web\style.css (423 chars)
2026-04-10 23:00:51 - src.system_controller - INFO - Wrote to file: C:\Users\Chinmay\Desktop\html-web\index.html (1357 bytes, 1324 chars)
2026-04-10 23:00:51 - src.brain - INFO - [Brain] Wrote (=== pattern): index.html (1324 chars)
2026-04-10 23:00:51 - src.system_controller - INFO - Wrote to file: C:\Users\Chinmay\Desktop\html-web\script.js (162 bytes, 159 chars)
2026-04-10 23:00:51 - src.brain - INFO - [Brain] Wrote (=== pattern): script.js (159 chars)
2026-04-10 23:00:51 - src.system_controller - INFO - Wrote to file: C:\Users\Chinmay\Desktop\html-web\style.css (376 bytes, 356 chars)
2026-04-10 23:00:51 - src.brain - INFO - [Brain] Wrote (=== pattern): style.css (356 chars)
2026-04-10 23:00:51 - src.brain - INFO - [PERF] process_command took 69.83s
2026-04-10 23:01:40 - src.brain - INFO - [Brain] Active project exists — routing to modification for 'C:\Users\Chinmay\Desktop/html-web'
2026-04-10 23:01:40 - src.brain - INFO - [Brain] Force-executing modification on 'C:\Users\Chinmay\Desktop/html-web'
2026-04-10 23:01:40 - src.system_controller - INFO - Read file: C:\Users\Chinmay\Desktop\html-web\index.html (1324 chars)
2026-04-10 23:01:40 - src.system_controller - INFO - Read file: C:\Users\Chinmay\Desktop\html-web\script.js (159 chars)
2026-04-10 23:01:40 - src.system_controller - INFO - Read file: C:\Users\Chinmay\Desktop\html-web\style.css (356 chars)
2026-04-10 23:03:51 - src.system_controller - INFO - Wrote to file: C:\Users\Chinmay\Desktop\html-web\index.html (2275 bytes, 2221 chars)
2026-04-10 23:03:51 - src.brain - INFO - [Brain] Wrote (=== pattern): index.html (2221 chars)
2026-04-10 23:03:51 - src.system_controller - INFO - Wrote to file: C:\Users\Chinmay\Desktop\html-web\script.js (774 bytes, 749 chars)
2026-04-10 23:03:51 - src.brain - INFO - [Brain] Wrote (=== pattern): script.js (749 chars)
2026-04-10 23:03:51 - src.system_controller - INFO - Wrote to file: C:\Users\Chinmay\Desktop\html-web\style.css (580 bytes, 547 chars)
2026-04-10 23:03:51 - src.brain - INFO - [Brain] Wrote (=== pattern): style.css (547 chars)
2026-04-10 23:03:51 - src.brain - INFO - [PERF] process_command took 130.50s
2026-04-10 23:05:33 - src.brain - INFO - [Brain] Active project exists — routing to modification for 'C:\Users\Chinmay\Desktop/html-web'
2026-04-10 23:05:33 - src.brain - INFO - [Brain] Force-executing modification on 'C:\Users\Chinmay\Desktop/html-web'
2026-04-10 23:05:33 - src.system_controller - INFO - Read file: C:\Users\Chinmay\Desktop\html-web\index.html (2221 chars)
2026-04-10 23:05:33 - src.system_controller - INFO - Read file: C:\Users\Chinmay\Desktop\html-web\script.js (749 chars)
2026-04-10 23:05:33 - src.system_controller - INFO - Read file: C:\Users\Chinmay\Desktop\html-web\style.css (547 chars)
2026-04-10 23:07:59 - src.system_controller - INFO - Wrote to file: C:\Users\Chinmay\Desktop\html-web\index.html (2373 bytes, 2318 chars)
2026-04-10 23:07:59 - src.brain - INFO - [Brain] Wrote (=== pattern): index.html (2318 chars)
2026-04-10 23:07:59 - src.system_controller - INFO - Wrote to file: C:\Users\Chinmay\Desktop\html-web\style.css (1115 bytes, 1061 chars)
2026-04-10 23:07:59 - src.brain - INFO - [Brain] Wrote (=== pattern): style.css (1061 chars)
2026-04-10 23:07:59 - src.brain - INFO - [PERF] process_command took 145.45s
2026-04-10 23:08:28 - src.brain - INFO - [Brain] New project 'calculator' requested (different from 'html-web')
2026-04-10 23:08:28 - src.brain - INFO - [Brain] Creation request detected — routing directly to force-execute (bypassing tool loop)
2026-04-10 23:08:28 - src.brain - INFO - [Brain] Force-executing creation (bypassing tool loop)
2026-04-10 23:10:37 - src.brain - INFO - [Brain] Got code response (3712 chars)
2026-04-10 23:10:37 - src.system_controller - INFO - Created folder: C:\Users\Chinmay\Desktop\calculator
2026-04-10 23:10:37 - src.brain - INFO - [Brain] Created project folder: C:\Users\Chinmay\Desktop/calculator
2026-04-10 23:10:37 - src.system_controller - INFO - Wrote to file: C:\Users\Chinmay\Desktop\calculator\index.html (1347 bytes, 1316 chars)
2026-04-10 23:10:37 - src.brain - INFO - [Brain] Wrote (=== pattern): index.html (1316 chars)
2026-04-10 23:10:37 - src.system_controller - INFO - Wrote to file: C:\Users\Chinmay\Desktop\calculator\style.css (741 bytes, 701 chars)
2026-04-10 23:10:37 - src.brain - INFO - [Brain] Wrote (=== pattern): style.css (701 chars)
2026-04-10 23:10:37 - src.system_controller - INFO - Wrote to file: C:\Users\Chinmay\Desktop\calculator\script.js (1644 bytes, 1577 chars)
2026-04-10 23:10:37 - src.brain - INFO - [Brain] Wrote (=== pattern): script.js (1577 chars)
2026-04-10 23:10:37 - src.brain - INFO - [PERF] process_command took 128.44s
2026-04-10 23:11:33 - src.brain - INFO - [Brain] Active project exists — routing to modification for 'C:\Users\Chinmay\Desktop/calculator'
2026-04-10 23:11:33 - src.brain - INFO - [Brain] Force-executing modification on 'C:\Users\Chinmay\Desktop/calculator'
2026-04-10 23:11:33 - src.system_controller - INFO - Read file: C:\Users\Chinmay\Desktop\calculator\index.html (1316 chars)
2026-04-10 23:11:33 - src.system_controller - INFO - Read file: C:\Users\Chinmay\Desktop\calculator\script.js (1577 chars)
2026-04-10 23:11:33 - src.system_controller - INFO - Read file: C:\Users\Chinmay\Desktop\calculator\style.css (701 chars)
2026-04-10 23:12:50 - src.system_controller - INFO - Wrote to file: C:\Users\Chinmay\Desktop\calculator\calculator.py (84 bytes, 83 chars)
2026-04-10 23:12:50 - src.brain - INFO - [Brain] Wrote (context pattern): calculator.py (83 chars)
2026-04-10 23:12:50 - src.brain - INFO - [PERF] process_command took 77.14s
2026-04-10 23:15:36 - src.brain - INFO - [Brain] User explicitly requested a framework (React/Vue/Angular).
2026-04-10 23:15:36 - src.brain - INFO - [Brain] React/framework creation detected — routing to React handler
2026-04-10 23:15:36 - src.brain - INFO - [Brain] Force-executing React/framework creation
2026-04-10 23:15:36 - src.brain - INFO - [Brain] Running: npx -y create-react-app "C:\Users\Chinmay\Desktop/spotify"
2026-04-10 23:15:36 - src.system_controller - INFO - Running command: npx -y create-react-app "C:\Users\Chinmay\Desktop/spotify" (cwd=C:\Users\Chinmay\Desktop)
2026-04-10 23:17:19 - src.system_controller - INFO - Command output (1409 chars): Creating a new React app in C:\Users\Chinmay\Desktop\spotify.

Installing packages. This might take ...
2026-04-10 23:17:43 - src.system_controller - INFO - Wrote to file: C:\Users\Chinmay\Desktop\spotify\src\src\App.js (309 bytes, 293 chars)
2026-04-10 23:17:43 - src.brain - INFO - [Brain] Wrote (=== pattern): src/App.js (293 chars)
2026-04-10 23:17:43 - src.system_controller - INFO - Wrote to file: C:\Users\Chinmay\Desktop\spotify\src\src\App.css (252 bytes, 239 chars)
2026-04-10 23:17:43 - src.brain - INFO - [Brain] Wrote (=== pattern): src/App.css (239 chars)
2026-04-10 23:17:43 - src.brain - INFO - [Brain] Wrote custom components: ['src/App.js', 'src/App.css']
2026-04-10 23:17:43 - src.brain - INFO - [PERF] process_command took 127.01s
2026-04-10 23:36:12 - __main__ - INFO - Starting Personal Desktop Assistant (Local Ollama Brain)...
2026-04-10 23:36:13 - src.voice_engine - INFO - Voice engine initialized with edge-tts, pygame, and persistent event loop
2026-04-10 23:36:13 - src.brain - INFO - Available Ollama models: ['qwen2.5-coder:7b', 'qwen2.5:1.5b', 'qwen2.5-coder:latest', 'llama3.2:latest']
2026-04-10 23:36:13 - src.brain - INFO - Using model: qwen2.5-coder:7b
2026-04-10 23:36:13 - src.brain - INFO - Brain initialized — fast: qwen2.5-coder:7b, primary: qwen2.5-coder:7b
2026-04-10 23:36:13 - src.voice_engine - INFO - Calibrating ambient noise (background)...
2026-04-10 23:36:13 - src.gui - INFO - Assistant GUI initialized
2026-04-10 23:36:15 - src.voice_engine - INFO - Ambient noise calibrated. Energy threshold: 150
2026-04-10 23:36:28 - src.brain - INFO - [Brain] User explicitly requested a framework (React/Vue/Angular).
2026-04-10 23:36:28 - src.brain - INFO - [Brain] React/framework creation detected — routing to React handler
2026-04-10 23:36:28 - src.brain - INFO - [Brain] Force-executing React/framework creation
2026-04-10 23:36:28 - src.brain - INFO - [Brain] Running scaffold: npx -y create-vite@latest "spotify" --template react
2026-04-10 23:36:28 - src.system_controller - INFO - [run_command] cwd set to: C:\Users\Chinmay\Desktop
2026-04-10 23:36:28 - src.system_controller - INFO - Running command: npx -y create-vite@latest "spotify" --template react (cwd=C:\Users\Chinmay\Desktop)
2026-04-10 23:41:28 - src.brain - INFO - [Brain] Scaffold result: Error: Command timed out after 300 seconds.
2026-04-10 23:41:28 - src.brain - ERROR - [Brain] Scaffold failed — project directory not created: C:\Users\Chinmay\Desktop/spotify
2026-04-10 23:41:28 - src.brain - ERROR - [Brain] Scaffold output: Error: Command timed out after 300 seconds.
2026-04-10 23:41:29 - src.brain - INFO - [PERF] process_command took 300.02s
2026-04-10 23:41:29 - src.gui - INFO - Response is a status/path message, skipping TTS
2026-04-10 23:43:39 - src.brain - INFO - Available Ollama models: ['qwen2.5-coder:7b', 'qwen2.5:1.5b', 'qwen2.5-coder:latest', 'llama3.2:latest']
2026-04-10 23:43:39 - src.brain - INFO - Using model: qwen2.5-coder:7b
2026-04-10 23:43:39 - src.brain - INFO - Brain initialized — fast: qwen2.5-coder:7b, primary: qwen2.5-coder:7b
2026-04-10 23:44:30 - src.brain - INFO - Available Ollama models: ['qwen2.5-coder:7b', 'qwen2.5:1.5b', 'qwen2.5-coder:latest', 'llama3.2:latest']
2026-04-10 23:44:30 - src.brain - INFO - Using model: qwen2.5-coder:7b
2026-04-10 23:44:30 - src.brain - INFO - Brain initialized — fast: qwen2.5-coder:7b, primary: qwen2.5-coder:7b
2026-04-10 23:44:30 - src.system_controller - INFO - Wrote to file: C:\Users\Chinmay\AppData\Local\Temp\test-vite-scaffold\package.json (428 bytes, 408 chars)
2026-04-10 23:44:30 - src.system_controller - INFO - Wrote to file: C:\Users\Chinmay\AppData\Local\Temp\test-vite-scaffold\vite.config.js (139 bytes, 133 chars)
2026-04-10 23:44:30 - src.system_controller - INFO - Wrote to file: C:\Users\Chinmay\AppData\Local\Temp\test-vite-scaffold\index.html (307 bytes, 295 chars)
2026-04-10 23:44:30 - src.system_controller - INFO - Wrote to file: C:\Users\Chinmay\AppData\Local\Temp\test-vite-scaffold\src\main.jsx (245 bytes, 235 chars)
2026-04-10 23:44:30 - src.system_controller - INFO - Wrote to file: C:\Users\Chinmay\AppData\Local\Temp\test-vite-scaffold\src\index.css (359 bytes, 345 chars)
2026-04-10 23:44:30 - src.system_controller - INFO - Wrote to file: C:\Users\Chinmay\AppData\Local\Temp\test-vite-scaffold\src\App.jsx (148 bytes, 137 chars)
2026-04-10 23:44:30 - src.system_controller - INFO - Wrote to file: C:\Users\Chinmay\AppData\Local\Temp\test-vite-scaffold\src\App.css (146 bytes, 139 chars)
2026-04-10 23:44:30 - src.brain - INFO - [Brain] Vite+React scaffold created: 7 files in C:\Users\Chinmay\AppData\Local\Temp\test-vite-scaffold
2026-04-10 23:48:32 - __main__ - INFO - Starting Personal Desktop Assistant (Local Ollama Brain)...
2026-04-10 23:48:32 - src.voice_engine - INFO - Voice engine initialized with edge-tts, pygame, and persistent event loop
2026-04-10 23:48:32 - src.brain - INFO - Available Ollama models: ['qwen2.5-coder:7b', 'qwen2.5:1.5b', 'qwen2.5-coder:latest', 'llama3.2:latest']
2026-04-10 23:48:32 - src.brain - INFO - Using model: qwen2.5-coder:7b
2026-04-10 23:48:32 - src.brain - INFO - Brain initialized — fast: qwen2.5-coder:7b, primary: qwen2.5-coder:7b
2026-04-10 23:48:33 - src.voice_engine - INFO - Calibrating ambient noise (background)...
2026-04-10 23:48:33 - src.gui - INFO - Assistant GUI initialized
2026-04-10 23:48:35 - src.voice_engine - INFO - Ambient noise calibrated. Energy threshold: 150
2026-04-10 23:48:42 - src.brain - INFO - [Brain] User explicitly requested a framework (React/Vue/Angular).
2026-04-10 23:48:42 - src.brain - INFO - [Brain] React/framework creation detected — routing to React handler
2026-04-10 23:48:42 - src.brain - INFO - [Brain] Force-executing React/framework creation
2026-04-10 23:48:42 - src.brain - INFO - [Brain] Creating Vite+React scaffold inline at: C:\Users\Chinmay\Desktop/spotify
2026-04-10 23:48:42 - src.system_controller - INFO - Wrote to file: C:\Users\Chinmay\Desktop\spotify\package.json (427 bytes, 407 chars)
2026-04-10 23:48:42 - src.system_controller - INFO - Wrote to file: C:\Users\Chinmay\Desktop\spotify\vite.config.js (139 bytes, 133 chars)
2026-04-10 23:48:42 - src.system_controller - INFO - Wrote to file: C:\Users\Chinmay\Desktop\spotify\index.html (306 bytes, 294 chars)
2026-04-10 23:48:42 - src.system_controller - INFO - Wrote to file: C:\Users\Chinmay\Desktop\spotify\src\main.jsx (245 bytes, 235 chars)
2026-04-10 23:48:42 - src.system_controller - INFO - Wrote to file: C:\Users\Chinmay\Desktop\spotify\src\index.css (359 bytes, 345 chars)
2026-04-10 23:48:42 - src.system_controller - INFO - Wrote to file: C:\Users\Chinmay\Desktop\spotify\src\App.jsx (148 bytes, 137 chars)
2026-04-10 23:48:42 - src.system_controller - INFO - Wrote to file: C:\Users\Chinmay\Desktop\spotify\src\App.css (146 bytes, 139 chars)
2026-04-10 23:48:42 - src.brain - INFO - [Brain] Vite+React scaffold created: 7 files in C:\Users\Chinmay\Desktop/spotify
2026-04-10 23:48:42 - src.brain - INFO - [Brain] Vite scaffold created successfully
2026-04-10 23:48:42 - src.brain - INFO - [Brain] Generating custom React (Vite) components...
2026-04-10 23:52:30 - src.brain - INFO - [Brain] Got custom code response (4600 chars)
2026-04-10 23:52:30 - src.system_controller - INFO - Wrote to file: C:\Users\Chinmay\Desktop\spotify\src\App.jsx (1878 bytes, 1811 chars)
2026-04-10 23:52:30 - src.brain - INFO - [Brain] Wrote (=== pattern): App.jsx (1811 chars)
2026-04-10 23:52:30 - src.system_controller - INFO - Wrote to file: C:\Users\Chinmay\Desktop\spotify\src\App.css (2860 bytes, 2723 chars)
2026-04-10 23:52:30 - src.brain - INFO - [Brain] Wrote (=== pattern): App.css (2723 chars)
2026-04-10 23:52:30 - src.brain - INFO - [Brain] Successfully wrote custom components: ['App.jsx', 'App.css']
2026-04-10 23:52:30 - src.brain - INFO - [PERF] process_command took 228.37s
2026-04-11 00:47:11 - __main__ - INFO - Starting Personal Desktop Assistant (Local Ollama Brain)...
2026-04-11 00:47:12 - src.voice_engine - INFO - Voice engine initialized with edge-tts, pygame, and persistent event loop
2026-04-11 00:47:12 - src.brain - INFO - Using Groq API for LLM connection.
2026-04-11 00:47:12 - src.brain - INFO - Brain initialized — fast: qwen2.5-coder:7b, primary: qwen2.5-coder:14b
2026-04-11 00:47:12 - src.voice_engine - INFO - Calibrating ambient noise (background)...
2026-04-11 00:47:12 - src.gui - INFO - Assistant GUI initialized
2026-04-11 00:47:14 - src.voice_engine - INFO - Ambient noise calibrated. Energy threshold: 150
2026-04-11 00:47:40 - src.brain - INFO - [Brain] User explicitly requested a framework (React/Vue/Angular).
2026-04-11 00:47:40 - src.brain - INFO - [Brain] React/framework creation detected — routing to React handler
2026-04-11 00:47:40 - src.brain - INFO - [Brain] Force-executing React/framework creation
2026-04-11 00:47:40 - src.brain - INFO - [Brain] Creating Vite+React scaffold inline at: C:\Users\Chinmay\Desktop/soptify
2026-04-11 00:47:40 - src.system_controller - INFO - Wrote to file: C:\Users\Chinmay\Desktop\soptify\package.json (427 bytes, 407 chars)
2026-04-11 00:47:40 - src.system_controller - INFO - Wrote to file: C:\Users\Chinmay\Desktop\soptify\vite.config.js (139 bytes, 133 chars)
2026-04-11 00:47:40 - src.system_controller - INFO - Wrote to file: C:\Users\Chinmay\Desktop\soptify\index.html (306 bytes, 294 chars)
2026-04-11 00:47:40 - src.system_controller - INFO - Wrote to file: C:\Users\Chinmay\Desktop\soptify\src\main.jsx (245 bytes, 235 chars)
2026-04-11 00:47:40 - src.system_controller - INFO - Wrote to file: C:\Users\Chinmay\Desktop\soptify\src\index.css (359 bytes, 345 chars)
2026-04-11 00:47:40 - src.system_controller - INFO - Wrote to file: C:\Users\Chinmay\Desktop\soptify\src\App.jsx (148 bytes, 137 chars)
2026-04-11 00:47:40 - src.system_controller - INFO - Wrote to file: C:\Users\Chinmay\Desktop\soptify\src\App.css (146 bytes, 139 chars)
2026-04-11 00:47:40 - src.brain - INFO - [Brain] Vite+React scaffold created: 7 files in C:\Users\Chinmay\Desktop/soptify
2026-04-11 00:47:40 - src.brain - INFO - [Brain] Vite scaffold created successfully
2026-04-11 00:47:40 - src.brain - INFO - [Brain] Generating custom React (Vite) components...
2026-04-11 00:47:40 - src.brain - WARNING - LLM call failed (model=qwen2.5-coder:14b, attempt 1): No module named 'groq'. Retrying in 1.0s...
2026-04-11 00:47:41 - src.brain - WARNING - LLM call failed (model=qwen2.5-coder:14b, attempt 2): No module named 'groq'. Retrying in 2.0s...
2026-04-11 00:47:43 - src.brain - WARNING - LLM call failed (model=qwen2.5-coder:14b, attempt 3): No module named 'groq'. Retrying in 4.0s...
2026-04-11 00:47:47 - src.brain - WARNING - All retries exhausted for model 'qwen2.5-coder:14b'. Trying fallback...
2026-04-11 00:47:47 - src.brain - WARNING - LLM call failed (model=qwen2.5-coder:7b, attempt 1): No module named 'groq'. Retrying in 1.0s...
2026-04-11 00:47:48 - src.brain - WARNING - LLM call failed (model=qwen2.5-coder:7b, attempt 2): No module named 'groq'. Retrying in 2.0s...
2026-04-11 00:47:50 - src.brain - WARNING - LLM call failed (model=qwen2.5-coder:7b, attempt 3): No module named 'groq'. Retrying in 4.0s...
2026-04-11 00:47:54 - src.brain - WARNING - All retries exhausted for model 'qwen2.5-coder:7b'. Trying fallback...
2026-04-11 00:47:54 - src.brain - ERROR - [Brain] Custom code generation failed (scaffold still exists): No module named 'groq'
Traceback (most recent call last):
  File "C:\Users\Chinmay\Assistant\src\brain.py", line 1369, in _force_execute_react_creation
    response = self._call_llm_with_retry(self.primary_model, code_prompt)
               ^^^^^^^^^^^^^^^^^^^^^^^^^^^^^^^^^^^^^^^^^^^^^^^^^^^^^^^^^^
  File "C:\Users\Chinmay\Assistant\src\brain.py", line 568, in _call_llm_with_retry
    raise last_error
  File "C:\Users\Chinmay\Assistant\src\brain.py", line 545, in _call_llm_with_retry
    return self._execute_groq_call(current_model, messages, tools)
           ^^^^^^^^^^^^^^^^^^^^^^^^^^^^^^^^^^^^^^^^^^^^^^^^^^^^^^^
  File "C:\Users\Chinmay\Assistant\src\brain.py", line 572, in _execute_groq_call
    from groq import Groq
ModuleNotFoundError: No module named 'groq'
2026-04-11 00:47:54 - src.brain - INFO - [PERF] process_command took 14.03s
2026-04-11 00:50:01 - __main__ - INFO - Starting Personal Desktop Assistant (Local Ollama Brain)...
2026-04-11 00:50:01 - src.voice_engine - INFO - Voice engine initialized with edge-tts, pygame, and persistent event loop
2026-04-11 00:50:01 - src.brain - INFO - Using Groq API for LLM connection.
2026-04-11 00:50:01 - src.brain - INFO - Brain initialized — fast: qwen2.5-coder:7b, primary: qwen2.5-coder:14b
2026-04-11 00:50:02 - src.voice_engine - INFO - Calibrating ambient noise (background)...
2026-04-11 00:50:02 - src.gui - INFO - Assistant GUI initialized
2026-04-11 00:50:04 - src.voice_engine - INFO - Ambient noise calibrated. Energy threshold: 150
2026-04-11 00:51:10 - src.brain - INFO - [Brain] User explicitly requested a framework (React/Vue/Angular).
2026-04-11 00:51:10 - src.brain - INFO - [Brain] React/framework creation detected — routing to React handler
2026-04-11 00:51:10 - src.brain - INFO - [Brain] Force-executing React/framework creation
2026-04-11 00:51:10 - src.brain - INFO - [Brain] Creating Vite+React scaffold inline at: C:\Users\Chinmay\Desktop/youtube
2026-04-11 00:51:10 - src.system_controller - INFO - Wrote to file: C:\Users\Chinmay\Desktop\youtube\package.json (427 bytes, 407 chars)
2026-04-11 00:51:10 - src.system_controller - INFO - Wrote to file: C:\Users\Chinmay\Desktop\youtube\vite.config.js (139 bytes, 133 chars)
2026-04-11 00:51:10 - src.system_controller - INFO - Wrote to file: C:\Users\Chinmay\Desktop\youtube\index.html (306 bytes, 294 chars)
2026-04-11 00:51:10 - src.system_controller - INFO - Wrote to file: C:\Users\Chinmay\Desktop\youtube\src\main.jsx (245 bytes, 235 chars)
2026-04-11 00:51:10 - src.system_controller - INFO - Wrote to file: C:\Users\Chinmay\Desktop\youtube\src\index.css (359 bytes, 345 chars)
2026-04-11 00:51:10 - src.system_controller - INFO - Wrote to file: C:\Users\Chinmay\Desktop\youtube\src\App.jsx (148 bytes, 137 chars)
2026-04-11 00:51:10 - src.system_controller - INFO - Wrote to file: C:\Users\Chinmay\Desktop\youtube\src\App.css (146 bytes, 139 chars)
2026-04-11 00:51:10 - src.brain - INFO - [Brain] Vite+React scaffold created: 7 files in C:\Users\Chinmay\Desktop/youtube
2026-04-11 00:51:10 - src.brain - INFO - [Brain] Vite scaffold created successfully
2026-04-11 00:51:10 - src.brain - INFO - [Brain] Generating custom React (Vite) components...
2026-04-11 00:51:10 - src.brain - WARNING - LLM call failed (model=qwen2.5-coder:14b, attempt 1): Error code: 400 - {'error': {'message': 'The model `llama3-70b-8192` has been decommissioned and is no longer supported. Please refer to https://console.groq.com/docs/deprecations for a recommendation on which model to use instead.', 'type': 'invalid_request_error', 'code': 'model_decommissioned'}}. Retrying in 1.0s...
2026-04-11 00:51:12 - src.brain - WARNING - LLM call failed (model=qwen2.5-coder:14b, attempt 2): Error code: 400 - {'error': {'message': 'The model `llama3-70b-8192` has been decommissioned and is no longer supported. Please refer to https://console.groq.com/docs/deprecations for a recommendation on which model to use instead.', 'type': 'invalid_request_error', 'code': 'model_decommissioned'}}. Retrying in 2.0s...
2026-04-11 00:51:14 - src.brain - WARNING - LLM call failed (model=qwen2.5-coder:14b, attempt 3): Error code: 400 - {'error': {'message': 'The model `llama3-70b-8192` has been decommissioned and is no longer supported. Please refer to https://console.groq.com/docs/deprecations for a recommendation on which model to use instead.', 'type': 'invalid_request_error', 'code': 'model_decommissioned'}}. Retrying in 4.0s...
2026-04-11 00:51:18 - src.brain - WARNING - All retries exhausted for model 'qwen2.5-coder:14b'. Trying fallback...
2026-04-11 00:51:18 - src.brain - WARNING - LLM call failed (model=qwen2.5-coder:7b, attempt 1): Error code: 400 - {'error': {'message': 'The model `llama3-70b-8192` has been decommissioned and is no longer supported. Please refer to https://console.groq.com/docs/deprecations for a recommendation on which model to use instead.', 'type': 'invalid_request_error', 'code': 'model_decommissioned'}}. Retrying in 1.0s...
2026-04-11 00:51:20 - src.brain - WARNING - LLM call failed (model=qwen2.5-coder:7b, attempt 2): Error code: 400 - {'error': {'message': 'The model `llama3-70b-8192` has been decommissioned and is no longer supported. Please refer to https://console.groq.com/docs/deprecations for a recommendation on which model to use instead.', 'type': 'invalid_request_error', 'code': 'model_decommissioned'}}. Retrying in 2.0s...
2026-04-11 00:51:22 - src.brain - WARNING - LLM call failed (model=qwen2.5-coder:7b, attempt 3): Error code: 400 - {'error': {'message': 'The model `llama3-70b-8192` has been decommissioned and is no longer supported. Please refer to https://console.groq.com/docs/deprecations for a recommendation on which model to use instead.', 'type': 'invalid_request_error', 'code': 'model_decommissioned'}}. Retrying in 4.0s...
2026-04-11 00:51:26 - src.brain - WARNING - All retries exhausted for model 'qwen2.5-coder:7b'. Trying fallback...
2026-04-11 00:51:26 - src.brain - ERROR - [Brain] Custom code generation failed (scaffold still exists): Error code: 400 - {'error': {'message': 'The model `llama3-70b-8192` has been decommissioned and is no longer supported. Please refer to https://console.groq.com/docs/deprecations for a recommendation on which model to use instead.', 'type': 'invalid_request_error', 'code': 'model_decommissioned'}}
Traceback (most recent call last):
  File "C:\Users\Chinmay\Assistant\src\brain.py", line 1369, in _force_execute_react_creation
    response = self._call_llm_with_retry(self.primary_model, code_prompt)
               ^^^^^^^^^^^^^^^^^^^^^^^^^^^^^^^^^^^^^^^^^^^^^^^^^^^^^^^^^^
  File "C:\Users\Chinmay\Assistant\src\brain.py", line 568, in _call_llm_with_retry
    raise last_error
  File "C:\Users\Chinmay\Assistant\src\brain.py", line 545, in _call_llm_with_retry
    return self._execute_groq_call(current_model, messages, tools)
           ^^^^^^^^^^^^^^^^^^^^^^^^^^^^^^^^^^^^^^^^^^^^^^^^^^^^^^^
  File "C:\Users\Chinmay\Assistant\src\brain.py", line 605, in _execute_groq_call
    response = client.chat.completions.create(
               ^^^^^^^^^^^^^^^^^^^^^^^^^^^^^^^
  File "C:\Users\Chinmay\Assistant\venv\Lib\site-packages\groq\resources\chat\completions.py", line 461, in create
    return self._post(
           ^^^^^^^^^^^
  File "C:\Users\Chinmay\Assistant\venv\Lib\site-packages\groq\_base_client.py", line 1280, in post
    return cast(ResponseT, self.request(cast_to, opts, stream=stream, stream_cls=stream_cls))
                           ^^^^^^^^^^^^^^^^^^^^^^^^^^^^^^^^^^^^^^^^^^^^^^^^^^^^^^^^^^^^^^^^^
  File "C:\Users\Chinmay\Assistant\venv\Lib\site-packages\groq\_base_client.py", line 1067, in request
    raise self._make_status_error_from_response(err.response) from None
groq.BadRequestError: Error code: 400 - {'error': {'message': 'The model `llama3-70b-8192` has been decommissioned and is no longer supported. Please refer to https://console.groq.com/docs/deprecations for a recommendation on which model to use instead.', 'type': 'invalid_request_error', 'code': 'model_decommissioned'}}
2026-04-11 00:51:26 - src.brain - INFO - [PERF] process_command took 16.10s
2026-04-11 00:52:38 - __main__ - INFO - Starting Personal Desktop Assistant (Local Ollama Brain)...
2026-04-11 00:52:39 - src.voice_engine - INFO - Voice engine initialized with edge-tts, pygame, and persistent event loop
2026-04-11 00:52:39 - src.brain - INFO - Using Groq API for LLM connection.
2026-04-11 00:52:39 - src.brain - INFO - Brain initialized — fast: qwen2.5-coder:7b, primary: qwen2.5-coder:14b
2026-04-11 00:52:39 - src.voice_engine - INFO - Calibrating ambient noise (background)...
2026-04-11 00:52:39 - src.gui - INFO - Assistant GUI initialized
2026-04-11 00:52:41 - src.voice_engine - INFO - Ambient noise calibrated. Energy threshold: 150
2026-04-11 00:52:57 - src.brain - INFO - [Brain] User explicitly requested a framework (React/Vue/Angular).
2026-04-11 00:52:57 - src.brain - INFO - [Brain] React/framework creation detected — routing to React handler
2026-04-11 00:52:57 - src.brain - INFO - [Brain] Force-executing React/framework creation
2026-04-11 00:52:57 - src.brain - INFO - [Brain] Creating Vite+React scaffold inline at: C:\Users\Chinmay\Desktop/youtube
2026-04-11 00:52:57 - src.system_controller - INFO - Wrote to file: C:\Users\Chinmay\Desktop\youtube\package.json (427 bytes, 407 chars)
2026-04-11 00:52:57 - src.system_controller - INFO - Wrote to file: C:\Users\Chinmay\Desktop\youtube\vite.config.js (139 bytes, 133 chars)
2026-04-11 00:52:57 - src.system_controller - INFO - Wrote to file: C:\Users\Chinmay\Desktop\youtube\index.html (306 bytes, 294 chars)
2026-04-11 00:52:57 - src.system_controller - INFO - Wrote to file: C:\Users\Chinmay\Desktop\youtube\src\main.jsx (245 bytes, 235 chars)
2026-04-11 00:52:57 - src.system_controller - INFO - Wrote to file: C:\Users\Chinmay\Desktop\youtube\src\index.css (359 bytes, 345 chars)
2026-04-11 00:52:57 - src.system_controller - INFO - Wrote to file: C:\Users\Chinmay\Desktop\youtube\src\App.jsx (148 bytes, 137 chars)
2026-04-11 00:52:57 - src.system_controller - INFO - Wrote to file: C:\Users\Chinmay\Desktop\youtube\src\App.css (146 bytes, 139 chars)
2026-04-11 00:52:57 - src.brain - INFO - [Brain] Vite+React scaffold created: 7 files in C:\Users\Chinmay\Desktop/youtube
2026-04-11 00:52:57 - src.brain - INFO - [Brain] Vite scaffold created successfully
2026-04-11 00:52:57 - src.brain - INFO - [Brain] Generating custom React (Vite) components...
2026-04-11 00:52:58 - src.brain - WARNING - LLM call failed (model=qwen2.5-coder:14b, attempt 1): Error code: 400 - {'error': {'message': "code=400, message=Only allowed string values for 'tool_choice' are [none, auto, required], type=invalid_request_error", 'type': 'invalid_request_error'}}. Retrying in 1.0s...
2026-04-11 00:52:59 - src.brain - WARNING - LLM call failed (model=qwen2.5-coder:14b, attempt 2): Error code: 400 - {'error': {'message': "code=400, message=Only allowed string values for 'tool_choice' are [none, auto, required], type=invalid_request_error", 'type': 'invalid_request_error'}}. Retrying in 2.0s...
2026-04-11 00:53:01 - src.brain - WARNING - LLM call failed (model=qwen2.5-coder:14b, attempt 3): Error code: 400 - {'error': {'message': "code=400, message=Only allowed string values for 'tool_choice' are [none, auto, required], type=invalid_request_error", 'type': 'invalid_request_error'}}. Retrying in 4.0s...
2026-04-11 00:53:05 - src.brain - WARNING - All retries exhausted for model 'qwen2.5-coder:14b'. Trying fallback...
2026-04-11 00:53:06 - src.brain - WARNING - LLM call failed (model=qwen2.5-coder:7b, attempt 1): Error code: 400 - {'error': {'message': "code=400, message=Only allowed string values for 'tool_choice' are [none, auto, required], type=invalid_request_error", 'type': 'invalid_request_error'}}. Retrying in 1.0s...
2026-04-11 00:53:07 - src.brain - WARNING - LLM call failed (model=qwen2.5-coder:7b, attempt 2): Error code: 400 - {'error': {'message': "code=400, message=Only allowed string values for 'tool_choice' are [none, auto, required], type=invalid_request_error", 'type': 'invalid_request_error'}}. Retrying in 2.0s...
2026-04-11 00:53:09 - src.brain - WARNING - LLM call failed (model=qwen2.5-coder:7b, attempt 3): Error code: 400 - {'error': {'message': "code=400, message=Only allowed string values for 'tool_choice' are [none, auto, required], type=invalid_request_error", 'type': 'invalid_request_error'}}. Retrying in 4.0s...
2026-04-11 00:53:13 - src.brain - WARNING - All retries exhausted for model 'qwen2.5-coder:7b'. Trying fallback...
2026-04-11 00:53:13 - src.brain - ERROR - [Brain] Custom code generation failed (scaffold still exists): Error code: 400 - {'error': {'message': "code=400, message=Only allowed string values for 'tool_choice' are [none, auto, required], type=invalid_request_error", 'type': 'invalid_request_error'}}
Traceback (most recent call last):
  File "C:\Users\Chinmay\Assistant\src\brain.py", line 1369, in _force_execute_react_creation
    response = self._call_llm_with_retry(self.primary_model, code_prompt)
               ^^^^^^^^^^^^^^^^^^^^^^^^^^^^^^^^^^^^^^^^^^^^^^^^^^^^^^^^^^
  File "C:\Users\Chinmay\Assistant\src\brain.py", line 568, in _call_llm_with_retry
    raise last_error
  File "C:\Users\Chinmay\Assistant\src\brain.py", line 545, in _call_llm_with_retry
    return self._execute_groq_call(current_model, messages, tools)
           ^^^^^^^^^^^^^^^^^^^^^^^^^^^^^^^^^^^^^^^^^^^^^^^^^^^^^^^
  File "C:\Users\Chinmay\Assistant\src\brain.py", line 605, in _execute_groq_call
    response = client.chat.completions.create(
               ^^^^^^^^^^^^^^^^^^^^^^^^^^^^^^^
  File "C:\Users\Chinmay\Assistant\venv\Lib\site-packages\groq\resources\chat\completions.py", line 461, in create
    return self._post(
           ^^^^^^^^^^^
  File "C:\Users\Chinmay\Assistant\venv\Lib\site-packages\groq\_base_client.py", line 1280, in post
    return cast(ResponseT, self.request(cast_to, opts, stream=stream, stream_cls=stream_cls))
                           ^^^^^^^^^^^^^^^^^^^^^^^^^^^^^^^^^^^^^^^^^^^^^^^^^^^^^^^^^^^^^^^^^
  File "C:\Users\Chinmay\Assistant\venv\Lib\site-packages\groq\_base_client.py", line 1067, in request
    raise self._make_status_error_from_response(err.response) from None
groq.BadRequestError: Error code: 400 - {'error': {'message': "code=400, message=Only allowed string values for 'tool_choice' are [none, auto, required], type=invalid_request_error", 'type': 'invalid_request_error'}}
2026-04-11 00:53:13 - src.brain - INFO - [PERF] process_command took 15.97s
2026-04-11 00:55:27 - __main__ - INFO - Starting Personal Desktop Assistant (Local Ollama Brain)...
2026-04-11 00:55:27 - src.voice_engine - INFO - Voice engine initialized with edge-tts, pygame, and persistent event loop
2026-04-11 00:55:27 - src.brain - INFO - Using Groq API for LLM connection.
2026-04-11 00:55:27 - src.brain - INFO - Brain initialized — fast: qwen2.5-coder:7b, primary: qwen2.5-coder:14b
2026-04-11 00:55:28 - src.voice_engine - INFO - Calibrating ambient noise (background)...
2026-04-11 00:55:28 - src.gui - INFO - Assistant GUI initialized
2026-04-11 00:55:30 - src.voice_engine - INFO - Ambient noise calibrated. Energy threshold: 150
2026-04-11 00:55:46 - src.brain - INFO - [Brain] User explicitly requested a framework (React/Vue/Angular).
2026-04-11 00:55:46 - src.brain - INFO - [Brain] React/framework creation detected — routing to React handler
2026-04-11 00:55:46 - src.brain - INFO - [Brain] Force-executing React/framework creation
2026-04-11 00:55:46 - src.brain - INFO - [Brain] Creating Vite+React scaffold inline at: C:\Users\Chinmay\Desktop/youtube
2026-04-11 00:55:46 - src.system_controller - INFO - Wrote to file: C:\Users\Chinmay\Desktop\youtube\package.json (427 bytes, 407 chars)
2026-04-11 00:55:46 - src.system_controller - INFO - Wrote to file: C:\Users\Chinmay\Desktop\youtube\vite.config.js (139 bytes, 133 chars)
2026-04-11 00:55:46 - src.system_controller - INFO - Wrote to file: C:\Users\Chinmay\Desktop\youtube\index.html (306 bytes, 294 chars)
2026-04-11 00:55:46 - src.system_controller - INFO - Wrote to file: C:\Users\Chinmay\Desktop\youtube\src\main.jsx (245 bytes, 235 chars)
2026-04-11 00:55:46 - src.system_controller - INFO - Wrote to file: C:\Users\Chinmay\Desktop\youtube\src\index.css (359 bytes, 345 chars)
2026-04-11 00:55:46 - src.system_controller - INFO - Wrote to file: C:\Users\Chinmay\Desktop\youtube\src\App.jsx (148 bytes, 137 chars)
2026-04-11 00:55:46 - src.system_controller - INFO - Wrote to file: C:\Users\Chinmay\Desktop\youtube\src\App.css (146 bytes, 139 chars)
2026-04-11 00:55:46 - src.brain - INFO - [Brain] Vite+React scaffold created: 7 files in C:\Users\Chinmay\Desktop/youtube
2026-04-11 00:55:46 - src.brain - INFO - [Brain] Vite scaffold created successfully
2026-04-11 00:55:46 - src.brain - INFO - [Brain] Generating custom React (Vite) components...
2026-04-11 00:55:49 - src.brain - INFO - [Brain] Got custom code response (4413 chars)
2026-04-11 00:55:49 - src.system_controller - INFO - Wrote to file: C:\Users\Chinmay\Desktop\youtube\src\App.jsx (1436 bytes, 1389 chars)
2026-04-11 00:55:49 - src.brain - INFO - [Brain] Wrote (=== pattern): App.jsx (1389 chars)
2026-04-11 00:55:49 - src.system_controller - INFO - Wrote to file: C:\Users\Chinmay\Desktop\youtube\src\App.css (739 bytes, 695 chars)
2026-04-11 00:55:49 - src.brain - INFO - [Brain] Wrote (=== pattern): App.css (695 chars)
2026-04-11 00:55:49 - src.system_controller - INFO - Wrote to file: C:\Users\Chinmay\Desktop\youtube\src\Sidebar.jsx (351 bytes, 335 chars)
2026-04-11 00:55:49 - src.brain - INFO - [Brain] Wrote (=== pattern): Sidebar.jsx (335 chars)
2026-04-11 00:55:49 - src.system_controller - INFO - Wrote to file: C:\Users\Chinmay\Desktop\youtube\src\Sidebar.css (438 bytes, 406 chars)
2026-04-11 00:55:49 - src.brain - INFO - [Brain] Wrote (=== pattern): Sidebar.css (406 chars)
2026-04-11 00:55:49 - src.system_controller - INFO - Wrote to file: C:\Users\Chinmay\Desktop\youtube\src\VideoPlayer.jsx (371 bytes, 355 chars)
2026-04-11 00:55:49 - src.brain - INFO - [Brain] Wrote (=== pattern): VideoPlayer.jsx (355 chars)
2026-04-11 00:55:49 - src.system_controller - INFO - Wrote to file: C:\Users\Chinmay\Desktop\youtube\src\VideoPlayer.css (199 bytes, 187 chars)
2026-04-11 00:55:49 - src.brain - INFO - [Brain] Wrote (=== pattern): VideoPlayer.css (187 chars)
2026-04-11 00:55:49 - src.system_controller - INFO - Wrote to file: C:\Users\Chinmay\Desktop\youtube\src\VideoList.jsx (487 bytes, 471 chars)
2026-04-11 00:55:49 - src.brain - INFO - [Brain] Wrote (=== pattern): VideoList.jsx (471 chars)
2026-04-11 00:55:49 - src.system_controller - INFO - Wrote to file: C:\Users\Chinmay\Desktop\youtube\src\VideoList.css (375 bytes, 349 chars)
2026-04-11 00:55:49 - src.brain - INFO - [Brain] Wrote (=== pattern): VideoList.css (349 chars)
2026-04-11 00:55:49 - src.brain - INFO - [Brain] Successfully wrote custom components: ['App.jsx', 'App.css', 'Sidebar.jsx', 'Sidebar.css', 'VideoPlayer.jsx', 'VideoPlayer.css', 'VideoList.jsx', 'VideoList.css']
2026-04-11 00:55:49 - src.brain - INFO - [PERF] process_command took 2.95s
2026-04-11 00:58:33 - src.brain - INFO - [Brain] Active project exists — routing to modification for 'C:\Users\Chinmay\Desktop/youtube'
2026-04-11 00:58:33 - src.brain - INFO - [Brain] Force-executing modification on 'C:\Users\Chinmay\Desktop/youtube'
2026-04-11 00:58:33 - src.system_controller - INFO - Read file: C:\Users\Chinmay\Desktop\youtube\index.html (294 chars)
2026-04-11 00:58:33 - src.system_controller - INFO - Read file: C:\Users\Chinmay\Desktop\youtube\package-lock.json (57526 chars)
2026-04-11 00:58:33 - src.system_controller - INFO - Read file: C:\Users\Chinmay\Desktop\youtube\package.json (407 chars)
2026-04-11 00:58:33 - src.system_controller - INFO - Read file: C:\Users\Chinmay\Desktop\youtube\vite.config.js (133 chars)
2026-04-11 00:58:34 - src.brain - WARNING - LLM call failed (model=qwen2.5-coder:14b, attempt 1): Error code: 413 - {'error': {'message': 'Request too large for model `llama-3.3-70b-versatile` in organization `org_01knwcbhc4fb59fgfezant08sz` service tier `on_demand` on tokens per minute (TPM): Limit 12000, Requested 27217, please reduce your message size and try again. Need more tokens? Upgrade to Dev Tier today at https://console.groq.com/settings/billing', 'type': 'tokens', 'code': 'rate_limit_exceeded'}}. Retrying in 1.0s...
2026-04-11 00:58:35 - src.brain - WARNING - LLM call failed (model=qwen2.5-coder:14b, attempt 2): Error code: 413 - {'error': {'message': 'Request too large for model `llama-3.3-70b-versatile` in organization `org_01knwcbhc4fb59fgfezant08sz` service tier `on_demand` on tokens per minute (TPM): Limit 12000, Requested 24308, please reduce your message size and try again. Need more tokens? Upgrade to Dev Tier today at https://console.groq.com/settings/billing', 'type': 'tokens', 'code': 'rate_limit_exceeded'}}. Retrying in 2.0s...
2026-04-11 00:58:37 - src.brain - WARNING - LLM call failed (model=qwen2.5-coder:14b, attempt 3): Error code: 413 - {'error': {'message': 'Request too large for model `llama-3.3-70b-versatile` in organization `org_01knwcbhc4fb59fgfezant08sz` service tier `on_demand` on tokens per minute (TPM): Limit 12000, Requested 27217, please reduce your message size and try again. Need more tokens? Upgrade to Dev Tier today at https://console.groq.com/settings/billing', 'type': 'tokens', 'code': 'rate_limit_exceeded'}}. Retrying in 4.0s...
2026-04-11 00:58:41 - src.brain - WARNING - All retries exhausted for model 'qwen2.5-coder:14b'. Trying fallback...
2026-04-11 00:58:42 - src.brain - WARNING - LLM call failed (model=qwen2.5-coder:7b, attempt 1): Error code: 413 - {'error': {'message': 'Request too large for model `llama-3.3-70b-versatile` in organization `org_01knwcbhc4fb59fgfezant08sz` service tier `on_demand` on tokens per minute (TPM): Limit 12000, Requested 27217, please reduce your message size and try again. Need more tokens? Upgrade to Dev Tier today at https://console.groq.com/settings/billing', 'type': 'tokens', 'code': 'rate_limit_exceeded'}}. Retrying in 1.0s...
2026-04-11 00:58:43 - src.brain - WARNING - LLM call failed (model=qwen2.5-coder:7b, attempt 2): Error code: 413 - {'error': {'message': 'Request too large for model `llama-3.3-70b-versatile` in organization `org_01knwcbhc4fb59fgfezant08sz` service tier `on_demand` on tokens per minute (TPM): Limit 12000, Requested 24308, please reduce your message size and try again. Need more tokens? Upgrade to Dev Tier today at https://console.groq.com/settings/billing', 'type': 'tokens', 'code': 'rate_limit_exceeded'}}. Retrying in 2.0s...
2026-04-11 00:58:45 - src.brain - WARNING - LLM call failed (model=qwen2.5-coder:7b, attempt 3): Error code: 413 - {'error': {'message': 'Request too large for model `llama-3.3-70b-versatile` in organization `org_01knwcbhc4fb59fgfezant08sz` service tier `on_demand` on tokens per minute (TPM): Limit 12000, Requested 24308, please reduce your message size and try again. Need more tokens? Upgrade to Dev Tier today at https://console.groq.com/settings/billing', 'type': 'tokens', 'code': 'rate_limit_exceeded'}}. Retrying in 4.0s...
2026-04-11 00:58:49 - src.brain - WARNING - All retries exhausted for model 'qwen2.5-coder:7b'. Trying fallback...
2026-04-11 00:58:49 - src.brain - ERROR - [Brain] Force-execute modification failed: Error code: 413 - {'error': {'message': 'Request too large for model `llama-3.3-70b-versatile` in organization `org_01knwcbhc4fb59fgfezant08sz` service tier `on_demand` on tokens per minute (TPM): Limit 12000, Requested 24308, please reduce your message size and try again. Need more tokens? Upgrade to Dev Tier today at https://console.groq.com/settings/billing', 'type': 'tokens', 'code': 'rate_limit_exceeded'}}
Traceback (most recent call last):
  File "C:\Users\Chinmay\Assistant\src\brain.py", line 1254, in _force_execute_modification
    response = self._call_llm_with_retry(self.primary_model, code_prompt)
               ^^^^^^^^^^^^^^^^^^^^^^^^^^^^^^^^^^^^^^^^^^^^^^^^^^^^^^^^^^
  File "C:\Users\Chinmay\Assistant\src\brain.py", line 568, in _call_llm_with_retry
    raise last_error
  File "C:\Users\Chinmay\Assistant\src\brain.py", line 545, in _call_llm_with_retry
    return self._execute_groq_call(current_model, messages, tools)
           ^^^^^^^^^^^^^^^^^^^^^^^^^^^^^^^^^^^^^^^^^^^^^^^^^^^^^^^
  File "C:\Users\Chinmay\Assistant\src\brain.py", line 615, in _execute_groq_call
    response = client.chat.completions.create(**kwargs)
               ^^^^^^^^^^^^^^^^^^^^^^^^^^^^^^^^^^^^^^^^
  File "C:\Users\Chinmay\Assistant\venv\Lib\site-packages\groq\resources\chat\completions.py", line 461, in create
    return self._post(
           ^^^^^^^^^^^
  File "C:\Users\Chinmay\Assistant\venv\Lib\site-packages\groq\_base_client.py", line 1280, in post
    return cast(ResponseT, self.request(cast_to, opts, stream=stream, stream_cls=stream_cls))
                           ^^^^^^^^^^^^^^^^^^^^^^^^^^^^^^^^^^^^^^^^^^^^^^^^^^^^^^^^^^^^^^^^^
  File "C:\Users\Chinmay\Assistant\venv\Lib\site-packages\groq\_base_client.py", line 1067, in request
    raise self._make_status_error_from_response(err.response) from None
groq.APIStatusError: Error code: 413 - {'error': {'message': 'Request too large for model `llama-3.3-70b-versatile` in organization `org_01knwcbhc4fb59fgfezant08sz` service tier `on_demand` on tokens per minute (TPM): Limit 12000, Requested 24308, please reduce your message size and try again. Need more tokens? Upgrade to Dev Tier today at https://console.groq.com/settings/billing', 'type': 'tokens', 'code': 'rate_limit_exceeded'}}
2026-04-11 00:58:49 - src.brain - INFO - [PERF] process_command took 16.07s
2026-04-11 00:58:49 - src.gui - INFO - Response is a status/path message, skipping TTS
2026-04-11 01:01:38 - __main__ - INFO - Starting Personal Desktop Assistant (Local Ollama Brain)...
2026-04-11 01:01:39 - src.voice_engine - INFO - Voice engine initialized with edge-tts, pygame, and persistent event loop
2026-04-11 01:01:39 - src.brain - INFO - Using Groq API for LLM connection.
2026-04-11 01:01:39 - src.brain - INFO - Brain initialized — fast: qwen2.5-coder:7b, primary: qwen2.5-coder:14b
2026-04-11 01:01:39 - src.voice_engine - INFO - Calibrating ambient noise (background)...
2026-04-11 01:01:39 - src.gui - INFO - Assistant GUI initialized
2026-04-11 01:01:41 - src.voice_engine - INFO - Ambient noise calibrated. Energy threshold: 150
2026-04-11 01:02:01 - src.brain - INFO - [Brain] User explicitly requested a framework (React/Vue/Angular).
2026-04-11 01:02:01 - src.brain - INFO - [Brain] React/framework creation detected — routing to React handler
2026-04-11 01:02:01 - src.brain - INFO - [Brain] Force-executing React/framework creation
2026-04-11 01:02:01 - src.brain - INFO - [Brain] Creating Vite+React scaffold inline at: C:\Users\Chinmay\Desktop/youtube
2026-04-11 01:02:01 - src.system_controller - INFO - Wrote to file: C:\Users\Chinmay\Desktop\youtube\package.json (427 bytes, 407 chars)
2026-04-11 01:02:01 - src.system_controller - INFO - Wrote to file: C:\Users\Chinmay\Desktop\youtube\vite.config.js (139 bytes, 133 chars)
2026-04-11 01:02:01 - src.system_controller - INFO - Wrote to file: C:\Users\Chinmay\Desktop\youtube\index.html (306 bytes, 294 chars)
2026-04-11 01:02:01 - src.system_controller - INFO - Wrote to file: C:\Users\Chinmay\Desktop\youtube\src\main.jsx (245 bytes, 235 chars)
2026-04-11 01:02:01 - src.system_controller - INFO - Wrote to file: C:\Users\Chinmay\Desktop\youtube\src\index.css (359 bytes, 345 chars)
2026-04-11 01:02:01 - src.system_controller - INFO - Wrote to file: C:\Users\Chinmay\Desktop\youtube\src\App.jsx (148 bytes, 137 chars)
2026-04-11 01:02:01 - src.system_controller - INFO - Wrote to file: C:\Users\Chinmay\Desktop\youtube\src\App.css (146 bytes, 139 chars)
2026-04-11 01:02:01 - src.brain - INFO - [Brain] Vite+React scaffold created: 7 files in C:\Users\Chinmay\Desktop/youtube
2026-04-11 01:02:01 - src.brain - INFO - [Brain] Vite scaffold created successfully
2026-04-11 01:02:01 - src.brain - INFO - [Brain] Generating custom React (Vite) components...
2026-04-11 01:02:04 - src.brain - INFO - [Brain] Got custom code response (4816 chars)
2026-04-11 01:02:04 - src.system_controller - INFO - Wrote to file: C:\Users\Chinmay\Desktop\youtube\src\App.jsx (1137 bytes, 1099 chars)
2026-04-11 01:02:04 - src.brain - INFO - [Brain] Wrote (=== pattern): App.jsx (1099 chars)
2026-04-11 01:02:04 - src.system_controller - INFO - Wrote to file: C:\Users\Chinmay\Desktop\youtube\src\App.css (1726 bytes, 1611 chars)
2026-04-11 01:02:04 - src.brain - INFO - [Brain] Wrote (=== pattern): App.css (1611 chars)
2026-04-11 01:02:04 - src.system_controller - INFO - Wrote to file: C:\Users\Chinmay\Desktop\youtube\src\Sidebar.jsx (395 bytes, 379 chars)
2026-04-11 01:02:04 - src.brain - INFO - [Brain] Wrote (=== pattern): Sidebar.jsx (379 chars)
2026-04-11 01:02:04 - src.system_controller - INFO - Wrote to file: C:\Users\Chinmay\Desktop\youtube\src\VideoPlayer.jsx (417 bytes, 398 chars)
2026-04-11 01:02:04 - src.brain - INFO - [Brain] Wrote (=== pattern): VideoPlayer.jsx (398 chars)
2026-04-11 01:02:04 - src.system_controller - INFO - Wrote to file: C:\Users\Chinmay\Desktop\youtube\src\VideoList.jsx (511 bytes, 495 chars)
2026-04-11 01:02:04 - src.brain - INFO - [Brain] Wrote (=== pattern): VideoList.jsx (495 chars)
2026-04-11 01:02:04 - src.system_controller - INFO - Wrote to file: C:\Users\Chinmay\Desktop\youtube\src\SearchBar.jsx (528 bytes, 505 chars)
2026-04-11 01:02:04 - src.brain - INFO - [Brain] Wrote (=== pattern): SearchBar.jsx (505 chars)
2026-04-11 01:02:04 - src.brain - INFO - [Brain] Successfully wrote custom components: ['App.jsx', 'App.css', 'Sidebar.jsx', 'VideoPlayer.jsx', 'VideoList.jsx', 'SearchBar.jsx']
2026-04-11 01:02:04 - src.brain - INFO - [PERF] process_command took 3.14s
2026-04-11 01:03:07 - src.brain - INFO - [Brain] Active project exists — routing to modification for 'C:\Users\Chinmay\Desktop/youtube'
2026-04-11 01:03:07 - src.brain - INFO - [Brain] Force-executing modification on 'C:\Users\Chinmay\Desktop/youtube'
2026-04-11 01:03:07 - src.system_controller - INFO - Read file: C:\Users\Chinmay\Desktop\youtube\index.html (294 chars)
2026-04-11 01:03:07 - src.system_controller - INFO - Read file: C:\Users\Chinmay\Desktop\youtube\package.json (407 chars)
2026-04-11 01:03:07 - src.system_controller - INFO - Read file: C:\Users\Chinmay\Desktop\youtube\vite.config.js (133 chars)
2026-04-11 01:03:10 - src.system_controller - INFO - Wrote to file: C:\Users\Chinmay\Desktop\youtube\index.html (304 bytes, 293 chars)
2026-04-11 01:03:10 - src.brain - INFO - [Brain] Wrote (=== pattern): index.html (293 chars)
2026-04-11 01:03:10 - src.system_controller - INFO - Wrote to file: C:\Users\Chinmay\Desktop\youtube\package.json (425 bytes, 406 chars)
2026-04-11 01:03:10 - src.brain - INFO - [Brain] Wrote (=== pattern): package.json (406 chars)
2026-04-11 01:03:10 - src.system_controller - INFO - Wrote to file: C:\Users\Chinmay\Desktop\youtube\vite.config.js (174 bytes, 166 chars)
2026-04-11 01:03:10 - src.brain - INFO - [Brain] Wrote (=== pattern): vite.config.js (166 chars)
2026-04-11 01:03:10 - src.system_controller - INFO - Wrote to file: C:\Users\Chinmay\Desktop\youtube\src\main.jsx (235 bytes, 223 chars)
2026-04-11 01:03:10 - src.brain - INFO - [Brain] Wrote (=== pattern): src/main.jsx (223 chars)
2026-04-11 01:03:10 - src.system_controller - INFO - Wrote to file: C:\Users\Chinmay\Desktop\youtube\style.css (206 bytes, 196 chars)
2026-04-11 01:03:10 - src.brain - INFO - [Brain] Wrote (=== pattern): style.css (196 chars)
2026-04-11 01:03:10 - src.brain - INFO - [PERF] process_command took 2.40s
2026-04-11 01:03:51 - src.brain - INFO - [Brain] Active project exists — routing to modification for 'C:\Users\Chinmay\Desktop/youtube'
2026-04-11 01:03:51 - src.brain - INFO - [Brain] Force-executing modification on 'C:\Users\Chinmay\Desktop/youtube'
2026-04-11 01:03:52 - src.system_controller - INFO - Read file: C:\Users\Chinmay\Desktop\youtube\index.html (293 chars)
2026-04-11 01:03:52 - src.system_controller - INFO - Read file: C:\Users\Chinmay\Desktop\youtube\package.json (406 chars)
2026-04-11 01:03:52 - src.system_controller - INFO - Read file: C:\Users\Chinmay\Desktop\youtube\style.css (196 chars)
2026-04-11 01:03:52 - src.system_controller - INFO - Read file: C:\Users\Chinmay\Desktop\youtube\vite.config.js (166 chars)
2026-04-11 01:03:53 - src.system_controller - INFO - Wrote to file: C:\Users\Chinmay\Desktop\youtube\index.html (353 bytes, 341 chars)
2026-04-11 01:03:53 - src.brain - INFO - [Brain] Wrote (=== pattern): index.html (341 chars)
2026-04-11 01:03:53 - src.system_controller - INFO - Wrote to file: C:\Users\Chinmay\Desktop\youtube\package.json (429 bytes, 409 chars)
2026-04-11 01:03:53 - src.brain - INFO - [Brain] Wrote (=== pattern): package.json (409 chars)
2026-04-11 01:03:53 - src.system_controller - INFO - Wrote to file: C:\Users\Chinmay\Desktop\youtube\style.css (206 bytes, 196 chars)
2026-04-11 01:03:53 - src.brain - INFO - [Brain] Wrote (=== pattern): style.css (196 chars)
2026-04-11 01:03:53 - src.system_controller - INFO - Wrote to file: C:\Users\Chinmay\Desktop\youtube\vite.config.js (174 bytes, 166 chars)
2026-04-11 01:03:53 - src.brain - INFO - [Brain] Wrote (=== pattern): vite.config.js (166 chars)
2026-04-11 01:03:53 - src.system_controller - INFO - Wrote to file: C:\Users\Chinmay\Desktop\youtube\src\main.jsx (601 bytes, 576 chars)
2026-04-11 01:03:53 - src.brain - INFO - [Brain] Wrote (=== pattern): src/main.jsx (576 chars)
2026-04-11 01:03:53 - src.brain - INFO - [PERF] process_command took 1.43s
2026-04-11 01:04:22 - src.brain - INFO - [Brain] User explicitly requested a framework (React/Vue/Angular).
2026-04-11 01:04:22 - src.brain - INFO - [Brain] Active project exists — routing to modification for 'C:\Users\Chinmay\Desktop/youtube'
2026-04-11 01:04:22 - src.brain - INFO - [Brain] Force-executing modification on 'C:\Users\Chinmay\Desktop/youtube'
2026-04-11 01:04:22 - src.system_controller - INFO - Read file: C:\Users\Chinmay\Desktop\youtube\index.html (341 chars)
2026-04-11 01:04:22 - src.system_controller - INFO - Read file: C:\Users\Chinmay\Desktop\youtube\package.json (409 chars)
2026-04-11 01:04:22 - src.system_controller - INFO - Read file: C:\Users\Chinmay\Desktop\youtube\style.css (196 chars)
2026-04-11 01:04:22 - src.system_controller - INFO - Read file: C:\Users\Chinmay\Desktop\youtube\vite.config.js (166 chars)
2026-04-11 01:04:24 - src.system_controller - INFO - Wrote to file: C:\Users\Chinmay\Desktop\youtube\index.html (359 bytes, 347 chars)
2026-04-11 01:04:24 - src.brain - INFO - [Brain] Wrote (=== pattern): index.html (347 chars)
2026-04-11 01:04:24 - src.system_controller - INFO - Wrote to file: C:\Users\Chinmay\Desktop\youtube\package.json (512 bytes, 490 chars)
2026-04-11 01:04:24 - src.brain - INFO - [Brain] Wrote (=== pattern): package.json (490 chars)
2026-04-11 01:04:24 - src.system_controller - INFO - Wrote to file: C:\Users\Chinmay\Desktop\youtube\style.css (679 bytes, 637 chars)
2026-04-11 01:04:24 - src.brain - INFO - [Brain] Wrote (=== pattern): style.css (637 chars)
2026-04-11 01:04:24 - src.system_controller - INFO - Wrote to file: C:\Users\Chinmay\Desktop\youtube\vite.config.js (174 bytes, 166 chars)
2026-04-11 01:04:24 - src.brain - INFO - [Brain] Wrote (=== pattern): vite.config.js (166 chars)
2026-04-11 01:04:24 - src.system_controller - INFO - Wrote to file: C:\Users\Chinmay\Desktop\youtube\src\main.jsx (413 bytes, 399 chars)
2026-04-11 01:04:24 - src.brain - INFO - [Brain] Wrote (=== pattern): src/main.jsx (399 chars)
2026-04-11 01:04:24 - src.system_controller - INFO - Wrote to file: C:\Users\Chinmay\Desktop\youtube\src\Home.jsx (869 bytes, 836 chars)
2026-04-11 01:04:24 - src.brain - INFO - [Brain] Wrote (=== pattern): src/Home.jsx (836 chars)
2026-04-11 01:04:24 - src.system_controller - INFO - Wrote to file: C:\Users\Chinmay\Desktop\youtube\src\Video.jsx (547 bytes, 525 chars)
2026-04-11 01:04:24 - src.brain - INFO - [Brain] Wrote (=== pattern): src/Video.jsx (525 chars)
2026-04-11 01:04:24 - src.brain - INFO - [PERF] process_command took 2.32s
2026-04-11 01:06:04 - __main__ - INFO - Starting Personal Desktop Assistant (Local Ollama Brain)...
2026-04-11 01:06:04 - src.voice_engine - INFO - Voice engine initialized with edge-tts, pygame, and persistent event loop
2026-04-11 01:06:04 - src.brain - INFO - Using Groq API for LLM connection.
2026-04-11 01:06:04 - src.brain - INFO - Brain initialized — fast: qwen2.5-coder:7b, primary: qwen2.5-coder:14b
2026-04-11 01:06:05 - src.voice_engine - INFO - Calibrating ambient noise (background)...
2026-04-11 01:06:05 - src.gui - INFO - Assistant GUI initialized
2026-04-11 01:06:07 - src.voice_engine - INFO - Ambient noise calibrated. Energy threshold: 150
2026-04-11 01:06:41 - src.brain - INFO - [Brain] User explicitly requested a framework (React/Vue/Angular).
2026-04-11 01:06:41 - src.brain - INFO - [Brain] React/framework creation detected — routing to React handler
2026-04-11 01:06:41 - src.brain - INFO - [Brain] Force-executing React/framework creation
2026-04-11 01:06:41 - src.brain - INFO - [Brain] Creating Vite+React scaffold inline at: C:\Users\Chinmay\Desktop/modern-youtube
2026-04-11 01:06:41 - src.system_controller - INFO - Wrote to file: C:\Users\Chinmay\Desktop\modern-youtube\package.json (434 bytes, 414 chars)
2026-04-11 01:06:41 - src.system_controller - INFO - Wrote to file: C:\Users\Chinmay\Desktop\modern-youtube\vite.config.js (139 bytes, 133 chars)
2026-04-11 01:06:41 - src.system_controller - INFO - Wrote to file: C:\Users\Chinmay\Desktop\modern-youtube\index.html (313 bytes, 301 chars)
2026-04-11 01:06:41 - src.system_controller - INFO - Wrote to file: C:\Users\Chinmay\Desktop\modern-youtube\src\main.jsx (245 bytes, 235 chars)
2026-04-11 01:06:41 - src.system_controller - INFO - Wrote to file: C:\Users\Chinmay\Desktop\modern-youtube\src\index.css (359 bytes, 345 chars)
2026-04-11 01:06:41 - src.system_controller - INFO - Wrote to file: C:\Users\Chinmay\Desktop\modern-youtube\src\App.jsx (148 bytes, 137 chars)
2026-04-11 01:06:41 - src.system_controller - INFO - Wrote to file: C:\Users\Chinmay\Desktop\modern-youtube\src\App.css (146 bytes, 139 chars)
2026-04-11 01:06:41 - src.brain - INFO - [Brain] Vite+React scaffold created: 7 files in C:\Users\Chinmay\Desktop/modern-youtube
2026-04-11 01:06:41 - src.brain - INFO - [Brain] Vite scaffold created successfully
2026-04-11 01:06:41 - src.brain - INFO - [Brain] Generating custom React (Vite) components...
2026-04-11 01:06:45 - src.brain - INFO - [Brain] Got custom code response (7576 chars)
2026-04-11 01:06:45 - src.system_controller - INFO - Wrote to file: C:\Users\Chinmay\Desktop\modern-youtube\src\App.jsx (695 bytes, 669 chars)
2026-04-11 01:06:45 - src.brain - INFO - [Brain] Wrote (=== pattern): App.jsx (669 chars)
2026-04-11 01:06:45 - src.system_controller - INFO - Wrote to file: C:\Users\Chinmay\Desktop\modern-youtube\src\App.css (478 bytes, 446 chars)
2026-04-11 01:06:45 - src.brain - INFO - [Brain] Wrote (=== pattern): App.css (446 chars)
2026-04-11 01:06:45 - src.system_controller - INFO - Wrote to file: C:\Users\Chinmay\Desktop\modern-youtube\src\Navbar.jsx (658 bytes, 635 chars)
2026-04-11 01:06:45 - src.brain - INFO - [Brain] Wrote (=== pattern): Navbar.jsx (635 chars)
2026-04-11 01:06:45 - src.system_controller - INFO - Wrote to file: C:\Users\Chinmay\Desktop\modern-youtube\src\Navbar.css (692 bytes, 646 chars)
2026-04-11 01:06:45 - src.brain - INFO - [Brain] Wrote (=== pattern): Navbar.css (646 chars)
2026-04-11 01:06:45 - src.system_controller - INFO - Wrote to file: C:\Users\Chinmay\Desktop\modern-youtube\src\Sidebar.jsx (462 bytes, 439 chars)
2026-04-11 01:06:45 - src.brain - INFO - [Brain] Wrote (=== pattern): Sidebar.jsx (439 chars)
2026-04-11 01:06:45 - src.system_controller - INFO - Wrote to file: C:\Users\Chinmay\Desktop\modern-youtube\src\Sidebar.css (336 bytes, 309 chars)
2026-04-11 01:06:45 - src.brain - INFO - [Brain] Wrote (=== pattern): Sidebar.css (309 chars)
2026-04-11 01:06:45 - src.system_controller - INFO - Wrote to file: C:\Users\Chinmay\Desktop\modern-youtube\src\VideoCard.jsx (414 bytes, 396 chars)
2026-04-11 01:06:45 - src.brain - INFO - [Brain] Wrote (=== pattern): VideoCard.jsx (396 chars)
2026-04-11 01:06:45 - src.system_controller - INFO - Wrote to file: C:\Users\Chinmay\Desktop\modern-youtube\src\VideoCard.css (402 bytes, 374 chars)
2026-04-11 01:06:45 - src.brain - INFO - [Brain] Wrote (=== pattern): VideoCard.css (374 chars)
2026-04-11 01:06:45 - src.system_controller - INFO - Wrote to file: C:\Users\Chinmay\Desktop\modern-youtube\src\VideoGrid.jsx (319 bytes, 305 chars)
2026-04-11 01:06:45 - src.brain - INFO - [Brain] Wrote (=== pattern): VideoGrid.jsx (305 chars)
2026-04-11 01:06:45 - src.system_controller - INFO - Wrote to file: C:\Users\Chinmay\Desktop\modern-youtube\src\VideoGrid.css (293 bytes, 277 chars)
2026-04-11 01:06:45 - src.brain - INFO - [Brain] Wrote (=== pattern): VideoGrid.css (277 chars)
2026-04-11 01:06:45 - src.system_controller - INFO - Wrote to file: C:\Users\Chinmay\Desktop\modern-youtube\src\VideoPlayer.jsx (641 bytes, 616 chars)
2026-04-11 01:06:45 - src.brain - INFO - [Brain] Wrote (=== pattern): VideoPlayer.jsx (616 chars)
2026-04-11 01:06:45 - src.system_controller - INFO - Wrote to file: C:\Users\Chinmay\Desktop\modern-youtube\src\VideoPlayer.css (577 bytes, 537 chars)
2026-04-11 01:06:45 - src.brain - INFO - [Brain] Wrote (=== pattern): VideoPlayer.css (537 chars)
2026-04-11 01:06:45 - src.system_controller - INFO - Wrote to file: C:\Users\Chinmay\Desktop\modern-youtube\src\Home.jsx (265 bytes, 252 chars)
2026-04-11 01:06:45 - src.brain - INFO - [Brain] Wrote (=== pattern): Home.jsx (252 chars)
2026-04-11 01:06:45 - src.system_controller - INFO - Wrote to file: C:\Users\Chinmay\Desktop\modern-youtube\src\videos.json (714 bytes, 686 chars)
2026-04-11 01:06:45 - src.brain - INFO - [Brain] Wrote (=== pattern): videos.json (686 chars)
2026-04-11 01:06:45 - src.brain - INFO - [Brain] Successfully wrote custom components: ['App.jsx', 'App.css', 'Navbar.jsx', 'Navbar.css', 'Sidebar.jsx', 'Sidebar.css', 'VideoCard.jsx', 'VideoCard.css', 'VideoGrid.jsx', 'VideoGrid.css', 'VideoPlayer.jsx', 'VideoPlayer.css', 'Home.jsx', 'videos.json']
2026-04-11 01:06:45 - src.brain - INFO - [PERF] process_command took 4.52s
2026-04-11 01:07:53 - src.brain - INFO - [Brain] User explicitly requested a framework (React/Vue/Angular).
2026-04-11 01:07:53 - src.brain - INFO - [Brain] Fix-mode detected — will inject read-first directive
2026-04-11 01:07:53 - src.brain - INFO - [Brain] Active project exists — routing to modification for 'C:\Users\Chinmay\Desktop/modern-youtube'
2026-04-11 01:07:53 - src.brain - INFO - [Brain] Force-executing modification on 'C:\Users\Chinmay\Desktop/modern-youtube'
2026-04-11 01:07:53 - src.system_controller - INFO - Read file: C:\Users\Chinmay\Desktop\modern-youtube\index.html (301 chars)
2026-04-11 01:07:53 - src.system_controller - INFO - Read file: C:\Users\Chinmay\Desktop\modern-youtube\package.json (414 chars)
2026-04-11 01:07:53 - src.system_controller - INFO - Read file: C:\Users\Chinmay\Desktop\modern-youtube\vite.config.js (133 chars)
2026-04-11 01:07:54 - src.system_controller - INFO - Wrote to file: C:\Users\Chinmay\Desktop\modern-youtube\index.html (311 bytes, 300 chars)
2026-04-11 01:07:54 - src.brain - INFO - [Brain] Wrote (=== pattern): index.html (300 chars)
2026-04-11 01:07:54 - src.system_controller - INFO - Wrote to file: C:\Users\Chinmay\Desktop\modern-youtube\package.json (513 bytes, 491 chars)
2026-04-11 01:07:54 - src.brain - INFO - [Brain] Wrote (=== pattern): package.json (491 chars)
2026-04-11 01:07:54 - src.system_controller - INFO - Wrote to file: C:\Users\Chinmay\Desktop\modern-youtube\vite.config.js (137 bytes, 132 chars)
2026-04-11 01:07:54 - src.brain - INFO - [Brain] Wrote (=== pattern): vite.config.js (132 chars)
2026-04-11 01:07:54 - src.brain - INFO - [PERF] process_command took 1.08s
2026-04-11 13:49:35 - __main__ - INFO - Starting Personal Desktop Assistant (Local Ollama Brain)...
2026-04-11 13:49:36 - src.voice_engine - INFO - Voice engine initialized with edge-tts, pygame, and persistent event loop
2026-04-11 13:49:36 - src.brain - INFO - Using Groq API for LLM connection.
2026-04-11 13:49:36 - src.brain - INFO - Brain initialized — fast: qwen2.5-coder:7b, primary: qwen2.5-coder:14b
2026-04-11 13:49:37 - src.voice_engine - INFO - Calibrating ambient noise (background)...
2026-04-11 13:49:37 - src.gui - INFO - Assistant GUI initialized
2026-04-11 13:49:39 - src.voice_engine - INFO - Ambient noise calibrated. Energy threshold: 197.8133142363878
2026-04-11 13:49:52 - src.brain - INFO - [Brain] User explicitly requested a framework (React/Vue/Angular).
2026-04-11 13:49:52 - src.brain - INFO - [Brain] React/framework creation detected — routing to React handler
2026-04-11 13:49:52 - src.brain - INFO - [Brain] Force-executing React/framework creation
2026-04-11 13:49:52 - src.brain - INFO - [Brain] Creating Vite+React scaffold inline at: C:\Users\Chinmay\Desktop/youtube
2026-04-11 13:49:52 - src.system_controller - INFO - Wrote to file: C:\Users\Chinmay\Desktop\youtube\package.json (427 bytes, 407 chars)
2026-04-11 13:49:52 - src.system_controller - INFO - Wrote to file: C:\Users\Chinmay\Desktop\youtube\vite.config.js (139 bytes, 133 chars)
2026-04-11 13:49:52 - src.system_controller - INFO - Wrote to file: C:\Users\Chinmay\Desktop\youtube\index.html (306 bytes, 294 chars)
2026-04-11 13:49:52 - src.system_controller - INFO - Wrote to file: C:\Users\Chinmay\Desktop\youtube\src\main.jsx (245 bytes, 235 chars)
2026-04-11 13:49:52 - src.system_controller - INFO - Wrote to file: C:\Users\Chinmay\Desktop\youtube\src\index.css (359 bytes, 345 chars)
2026-04-11 13:49:52 - src.system_controller - INFO - Wrote to file: C:\Users\Chinmay\Desktop\youtube\src\App.jsx (148 bytes, 137 chars)
2026-04-11 13:49:52 - src.system_controller - INFO - Wrote to file: C:\Users\Chinmay\Desktop\youtube\src\App.css (146 bytes, 139 chars)
2026-04-11 13:49:52 - src.brain - INFO - [Brain] Vite+React scaffold created: 7 files in C:\Users\Chinmay\Desktop/youtube
2026-04-11 13:49:52 - src.brain - INFO - [Brain] Vite scaffold created successfully
2026-04-11 13:49:52 - src.brain - INFO - [Brain] Generating custom React (Vite) components...
2026-04-11 13:49:53 - src.brain - WARNING - LLM call failed (model=qwen2.5-coder:14b, attempt 1): Error code: 413 - {'error': {'message': 'Request too large for model `llama-3.3-70b-versatile` in organization `org_01knwcbhc4fb59fgfezant08sz` service tier `on_demand` on tokens per minute (TPM): Limit 12000, Requested 16697, please reduce your message size and try again. Need more tokens? Upgrade to Dev Tier today at https://console.groq.com/settings/billing', 'type': 'tokens', 'code': 'rate_limit_exceeded'}}. Retrying in 1.0s...
2026-04-11 13:49:54 - src.brain - WARNING - LLM call failed (model=qwen2.5-coder:14b, attempt 2): Error code: 413 - {'error': {'message': 'Request too large for model `llama-3.3-70b-versatile` in organization `org_01knwcbhc4fb59fgfezant08sz` service tier `on_demand` on tokens per minute (TPM): Limit 12000, Requested 16697, please reduce your message size and try again. Need more tokens? Upgrade to Dev Tier today at https://console.groq.com/settings/billing', 'type': 'tokens', 'code': 'rate_limit_exceeded'}}. Retrying in 2.0s...
2026-04-11 13:49:57 - src.brain - WARNING - LLM call failed (model=qwen2.5-coder:14b, attempt 3): Error code: 413 - {'error': {'message': 'Request too large for model `llama-3.3-70b-versatile` in organization `org_01knwcbhc4fb59fgfezant08sz` service tier `on_demand` on tokens per minute (TPM): Limit 12000, Requested 16697, please reduce your message size and try again. Need more tokens? Upgrade to Dev Tier today at https://console.groq.com/settings/billing', 'type': 'tokens', 'code': 'rate_limit_exceeded'}}. Retrying in 4.0s...
2026-04-11 13:50:01 - src.brain - WARNING - All retries exhausted for model 'qwen2.5-coder:14b'. Trying fallback...
2026-04-11 13:50:01 - src.brain - WARNING - LLM call failed (model=qwen2.5-coder:7b, attempt 1): Error code: 413 - {'error': {'message': 'Request too large for model `llama-3.3-70b-versatile` in organization `org_01knwcbhc4fb59fgfezant08sz` service tier `on_demand` on tokens per minute (TPM): Limit 12000, Requested 16697, please reduce your message size and try again. Need more tokens? Upgrade to Dev Tier today at https://console.groq.com/settings/billing', 'type': 'tokens', 'code': 'rate_limit_exceeded'}}. Retrying in 1.0s...
2026-04-11 13:50:02 - src.brain - WARNING - LLM call failed (model=qwen2.5-coder:7b, attempt 2): Error code: 413 - {'error': {'message': 'Request too large for model `llama-3.3-70b-versatile` in organization `org_01knwcbhc4fb59fgfezant08sz` service tier `on_demand` on tokens per minute (TPM): Limit 12000, Requested 16697, please reduce your message size and try again. Need more tokens? Upgrade to Dev Tier today at https://console.groq.com/settings/billing', 'type': 'tokens', 'code': 'rate_limit_exceeded'}}. Retrying in 2.0s...
2026-04-11 13:50:05 - src.brain - WARNING - LLM call failed (model=qwen2.5-coder:7b, attempt 3): Error code: 413 - {'error': {'message': 'Request too large for model `llama-3.3-70b-versatile` in organization `org_01knwcbhc4fb59fgfezant08sz` service tier `on_demand` on tokens per minute (TPM): Limit 12000, Requested 16697, please reduce your message size and try again. Need more tokens? Upgrade to Dev Tier today at https://console.groq.com/settings/billing', 'type': 'tokens', 'code': 'rate_limit_exceeded'}}. Retrying in 4.0s...
2026-04-11 13:50:09 - src.brain - WARNING - All retries exhausted for model 'qwen2.5-coder:7b'. Trying fallback...
2026-04-11 13:50:09 - src.brain - ERROR - [Brain] Custom code generation failed (scaffold still exists): Error code: 413 - {'error': {'message': 'Request too large for model `llama-3.3-70b-versatile` in organization `org_01knwcbhc4fb59fgfezant08sz` service tier `on_demand` on tokens per minute (TPM): Limit 12000, Requested 16697, please reduce your message size and try again. Need more tokens? Upgrade to Dev Tier today at https://console.groq.com/settings/billing', 'type': 'tokens', 'code': 'rate_limit_exceeded'}}
Traceback (most recent call last):
  File "C:\Users\Chinmay\Assistant\src\brain.py", line 1409, in _force_execute_react_creation
    response = self._call_llm_with_retry(self.primary_model, code_prompt)
               ^^^^^^^^^^^^^^^^^^^^^^^^^^^^^^^^^^^^^^^^^^^^^^^^^^^^^^^^^^
  File "C:\Users\Chinmay\Assistant\src\brain.py", line 590, in _call_llm_with_retry
    raise last_error
  File "C:\Users\Chinmay\Assistant\src\brain.py", line 567, in _call_llm_with_retry
    return self._execute_groq_call(current_model, messages, tools)
           ^^^^^^^^^^^^^^^^^^^^^^^^^^^^^^^^^^^^^^^^^^^^^^^^^^^^^^^
  File "C:\Users\Chinmay\Assistant\src\brain.py", line 648, in _execute_groq_call
    response = client.chat.completions.create(**kwargs)
               ^^^^^^^^^^^^^^^^^^^^^^^^^^^^^^^^^^^^^^^^
  File "C:\Users\Chinmay\Assistant\venv\Lib\site-packages\groq\resources\chat\completions.py", line 461, in create
    return self._post(
           ^^^^^^^^^^^
  File "C:\Users\Chinmay\Assistant\venv\Lib\site-packages\groq\_base_client.py", line 1280, in post
    return cast(ResponseT, self.request(cast_to, opts, stream=stream, stream_cls=stream_cls))
                           ^^^^^^^^^^^^^^^^^^^^^^^^^^^^^^^^^^^^^^^^^^^^^^^^^^^^^^^^^^^^^^^^^
  File "C:\Users\Chinmay\Assistant\venv\Lib\site-packages\groq\_base_client.py", line 1067, in request
    raise self._make_status_error_from_response(err.response) from None
groq.APIStatusError: Error code: 413 - {'error': {'message': 'Request too large for model `llama-3.3-70b-versatile` in organization `org_01knwcbhc4fb59fgfezant08sz` service tier `on_demand` on tokens per minute (TPM): Limit 12000, Requested 16697, please reduce your message size and try again. Need more tokens? Upgrade to Dev Tier today at https://console.groq.com/settings/billing', 'type': 'tokens', 'code': 'rate_limit_exceeded'}}
2026-04-11 13:50:09 - src.brain - INFO - [PERF] process_command took 16.39s
2026-04-11 13:53:13 - __main__ - INFO - Starting Personal Desktop Assistant (Local Ollama Brain)...
2026-04-11 13:53:14 - src.voice_engine - INFO - Voice engine initialized with edge-tts, pygame, and persistent event loop
2026-04-11 13:53:14 - src.brain - INFO - Using Groq API for LLM connection.
2026-04-11 13:53:14 - src.brain - INFO - Brain initialized — fast: qwen2.5-coder:7b, primary: qwen2.5-coder:14b
2026-04-11 13:53:14 - src.voice_engine - INFO - Calibrating ambient noise (background)...
2026-04-11 13:53:15 - src.gui - INFO - Assistant GUI initialized
2026-04-11 13:53:16 - src.voice_engine - INFO - Ambient noise calibrated. Energy threshold: 238.89141874581478
2026-04-11 13:53:33 - src.brain - INFO - [Brain] User explicitly requested a framework (React/Vue/Angular).
2026-04-11 13:53:33 - src.brain - INFO - [Brain] React/framework creation detected — routing to React handler
2026-04-11 13:53:33 - src.brain - INFO - [Brain] Force-executing React/framework creation
2026-04-11 13:53:33 - src.brain - INFO - [Brain] Creating Vite+React scaffold inline at: C:\Users\Chinmay\Desktop/youtube
2026-04-11 13:53:33 - src.system_controller - INFO - Wrote to file: C:\Users\Chinmay\Desktop\youtube\package.json (427 bytes, 407 chars)
2026-04-11 13:53:33 - src.system_controller - INFO - Wrote to file: C:\Users\Chinmay\Desktop\youtube\vite.config.js (139 bytes, 133 chars)
2026-04-11 13:53:33 - src.system_controller - INFO - Wrote to file: C:\Users\Chinmay\Desktop\youtube\index.html (306 bytes, 294 chars)
2026-04-11 13:53:33 - src.system_controller - INFO - Wrote to file: C:\Users\Chinmay\Desktop\youtube\src\main.jsx (245 bytes, 235 chars)
2026-04-11 13:53:33 - src.system_controller - INFO - Wrote to file: C:\Users\Chinmay\Desktop\youtube\src\index.css (359 bytes, 345 chars)
2026-04-11 13:53:33 - src.system_controller - INFO - Wrote to file: C:\Users\Chinmay\Desktop\youtube\src\App.jsx (148 bytes, 137 chars)
2026-04-11 13:53:33 - src.system_controller - INFO - Wrote to file: C:\Users\Chinmay\Desktop\youtube\src\App.css (146 bytes, 139 chars)
2026-04-11 13:53:33 - src.brain - INFO - [Brain] Vite+React scaffold created: 7 files in C:\Users\Chinmay\Desktop/youtube
2026-04-11 13:53:33 - src.brain - INFO - [Brain] Vite scaffold created successfully
2026-04-11 13:53:33 - src.brain - INFO - [Brain] Generating custom React (Vite) components...
2026-04-11 13:53:33 - src.brain - INFO - [Brain] Groq token budget: input~295 + output 11205 = ~11500 (limit: 12000)
2026-04-11 13:53:36 - src.brain - INFO - [Brain] Got custom code response (4763 chars)
2026-04-11 13:53:36 - src.system_controller - INFO - Wrote to file: C:\Users\Chinmay\Desktop\youtube\src\App.jsx (1205 bytes, 1164 chars)
2026-04-11 13:53:36 - src.brain - INFO - [Brain] Wrote (=== pattern): App.jsx (1164 chars)
2026-04-11 13:53:36 - src.system_controller - INFO - Wrote to file: C:\Users\Chinmay\Desktop\youtube\src\App.css (1656 bytes, 1544 chars)
2026-04-11 13:53:36 - src.brain - INFO - [Brain] Wrote (=== pattern): App.css (1544 chars)
2026-04-11 13:53:36 - src.system_controller - INFO - Wrote to file: C:\Users\Chinmay\Desktop\youtube\src\Sidebar.jsx (395 bytes, 379 chars)
2026-04-11 13:53:36 - src.brain - INFO - [Brain] Wrote (=== pattern): Sidebar.jsx (379 chars)
2026-04-11 13:53:36 - src.system_controller - INFO - Wrote to file: C:\Users\Chinmay\Desktop\youtube\src\VideoPlayer.jsx (364 bytes, 347 chars)
2026-04-11 13:53:36 - src.brain - INFO - [Brain] Wrote (=== pattern): VideoPlayer.jsx (347 chars)
2026-04-11 13:53:36 - src.system_controller - INFO - Wrote to file: C:\Users\Chinmay\Desktop\youtube\src\VideoList.jsx (511 bytes, 495 chars)
2026-04-11 13:53:36 - src.brain - INFO - [Brain] Wrote (=== pattern): VideoList.jsx (495 chars)
2026-04-11 13:53:36 - src.system_controller - INFO - Wrote to file: C:\Users\Chinmay\Desktop\youtube\src\SearchBar.jsx (528 bytes, 505 chars)
2026-04-11 13:53:36 - src.brain - INFO - [Brain] Wrote (=== pattern): SearchBar.jsx (505 chars)
2026-04-11 13:53:36 - src.brain - INFO - [Brain] Successfully wrote custom components: ['App.jsx', 'App.css', 'Sidebar.jsx', 'VideoPlayer.jsx', 'VideoList.jsx', 'SearchBar.jsx']
2026-04-11 13:53:36 - src.brain - INFO - [PERF] process_command took 3.05s
2026-04-11 13:56:04 - __main__ - INFO - Starting Personal Desktop Assistant (Local Ollama Brain)...
2026-04-11 13:56:04 - src.voice_engine - INFO - Voice engine initialized with edge-tts, pygame, and persistent event loop
2026-04-11 13:56:04 - src.brain - INFO - Using Groq API for LLM connection.
2026-04-11 13:56:04 - src.brain - INFO - Brain initialized — fast: qwen2.5-coder:7b, primary: qwen2.5-coder:14b
2026-04-11 13:56:04 - src.voice_engine - INFO - Calibrating ambient noise (background)...
2026-04-11 13:56:05 - src.gui - INFO - Assistant GUI initialized
2026-04-11 13:56:06 - src.voice_engine - INFO - Ambient noise calibrated. Energy threshold: 205.58010567214754
2026-04-11 13:56:14 - src.brain - INFO - [Brain] User explicitly requested a framework (React/Vue/Angular).
2026-04-11 13:56:14 - src.brain - INFO - [Brain] React/framework creation detected — routing to React handler
2026-04-11 13:56:14 - src.brain - INFO - [Brain] Force-executing React/framework creation
2026-04-11 13:56:14 - src.brain - INFO - [Brain] Creating Vite+React scaffold inline at: C:\Users\Chinmay\Desktop/youtube
2026-04-11 13:56:14 - src.system_controller - INFO - Wrote to file: C:\Users\Chinmay\Desktop\youtube\package.json (427 bytes, 407 chars)
2026-04-11 13:56:14 - src.system_controller - INFO - Wrote to file: C:\Users\Chinmay\Desktop\youtube\vite.config.js (139 bytes, 133 chars)
2026-04-11 13:56:14 - src.system_controller - INFO - Wrote to file: C:\Users\Chinmay\Desktop\youtube\index.html (306 bytes, 294 chars)
2026-04-11 13:56:14 - src.system_controller - INFO - Wrote to file: C:\Users\Chinmay\Desktop\youtube\src\main.jsx (245 bytes, 235 chars)
2026-04-11 13:56:14 - src.system_controller - INFO - Wrote to file: C:\Users\Chinmay\Desktop\youtube\src\index.css (359 bytes, 345 chars)
2026-04-11 13:56:14 - src.system_controller - INFO - Wrote to file: C:\Users\Chinmay\Desktop\youtube\src\App.jsx (148 bytes, 137 chars)
2026-04-11 13:56:14 - src.system_controller - INFO - Wrote to file: C:\Users\Chinmay\Desktop\youtube\src\App.css (146 bytes, 139 chars)
2026-04-11 13:56:14 - src.brain - INFO - [Brain] Vite+React scaffold created: 7 files in C:\Users\Chinmay\Desktop/youtube
2026-04-11 13:56:14 - src.brain - INFO - [Brain] Vite scaffold created successfully
2026-04-11 13:56:14 - src.brain - INFO - [Brain] Generating custom React (Vite) components...
2026-04-11 13:56:14 - src.brain - INFO - [Brain] Groq token budget: input~295 + output 11205 = ~11500 (limit: 12000)
2026-04-11 13:56:15 - src.brain - WARNING - LLM call failed (model=qwen2.5-coder:14b, attempt 1): Error code: 413 - {'error': {'message': 'Request too large for model `qwen/qwen3-32b` in organization `org_01knwcbhc4fb59fgfezant08sz` service tier `on_demand` on tokens per minute (TPM): Limit 6000, Requested 11500, please reduce your message size and try again. Need more tokens? Upgrade to Dev Tier today at https://console.groq.com/settings/billing', 'type': 'tokens', 'code': 'rate_limit_exceeded'}}. Retrying in 1.0s...
2026-04-11 13:56:16 - src.brain - INFO - [Brain] Groq token budget: input~295 + output 11205 = ~11500 (limit: 12000)
2026-04-11 13:56:16 - src.brain - WARNING - LLM call failed (model=qwen2.5-coder:14b, attempt 2): Error code: 413 - {'error': {'message': 'Request too large for model `qwen/qwen3-32b` in organization `org_01knwcbhc4fb59fgfezant08sz` service tier `on_demand` on tokens per minute (TPM): Limit 6000, Requested 11500, please reduce your message size and try again. Need more tokens? Upgrade to Dev Tier today at https://console.groq.com/settings/billing', 'type': 'tokens', 'code': 'rate_limit_exceeded'}}. Retrying in 2.0s...
2026-04-11 13:56:18 - src.brain - INFO - [Brain] Groq token budget: input~295 + output 11205 = ~11500 (limit: 12000)
2026-04-11 13:56:18 - src.brain - WARNING - LLM call failed (model=qwen2.5-coder:14b, attempt 3): Error code: 413 - {'error': {'message': 'Request too large for model `qwen/qwen3-32b` in organization `org_01knwcbhc4fb59fgfezant08sz` service tier `on_demand` on tokens per minute (TPM): Limit 6000, Requested 11500, please reduce your message size and try again. Need more tokens? Upgrade to Dev Tier today at https://console.groq.com/settings/billing', 'type': 'tokens', 'code': 'rate_limit_exceeded'}}. Retrying in 4.0s...
2026-04-11 13:56:22 - src.brain - WARNING - All retries exhausted for model 'qwen2.5-coder:14b'. Trying fallback...
2026-04-11 13:56:22 - src.brain - INFO - [Brain] Groq token budget: input~295 + output 11205 = ~11500 (limit: 12000)
2026-04-11 13:56:23 - src.brain - WARNING - LLM call failed (model=qwen2.5-coder:7b, attempt 1): Error code: 413 - {'error': {'message': 'Request too large for model `qwen/qwen3-32b` in organization `org_01knwcbhc4fb59fgfezant08sz` service tier `on_demand` on tokens per minute (TPM): Limit 6000, Requested 11500, please reduce your message size and try again. Need more tokens? Upgrade to Dev Tier today at https://console.groq.com/settings/billing', 'type': 'tokens', 'code': 'rate_limit_exceeded'}}. Retrying in 1.0s...
2026-04-11 13:56:24 - src.brain - INFO - [Brain] Groq token budget: input~295 + output 11205 = ~11500 (limit: 12000)
2026-04-11 13:56:24 - src.brain - WARNING - LLM call failed (model=qwen2.5-coder:7b, attempt 2): Error code: 413 - {'error': {'message': 'Request too large for model `qwen/qwen3-32b` in organization `org_01knwcbhc4fb59fgfezant08sz` service tier `on_demand` on tokens per minute (TPM): Limit 6000, Requested 11500, please reduce your message size and try again. Need more tokens? Upgrade to Dev Tier today at https://console.groq.com/settings/billing', 'type': 'tokens', 'code': 'rate_limit_exceeded'}}. Retrying in 2.0s...
2026-04-11 13:56:26 - src.brain - INFO - [Brain] Groq token budget: input~295 + output 11205 = ~11500 (limit: 12000)
2026-04-11 13:56:26 - src.brain - WARNING - LLM call failed (model=qwen2.5-coder:7b, attempt 3): Error code: 413 - {'error': {'message': 'Request too large for model `qwen/qwen3-32b` in organization `org_01knwcbhc4fb59fgfezant08sz` service tier `on_demand` on tokens per minute (TPM): Limit 6000, Requested 11500, please reduce your message size and try again. Need more tokens? Upgrade to Dev Tier today at https://console.groq.com/settings/billing', 'type': 'tokens', 'code': 'rate_limit_exceeded'}}. Retrying in 4.0s...
2026-04-11 13:56:30 - src.brain - WARNING - All retries exhausted for model 'qwen2.5-coder:7b'. Trying fallback...
2026-04-11 13:56:30 - src.brain - ERROR - [Brain] Custom code generation failed (scaffold still exists): Error code: 413 - {'error': {'message': 'Request too large for model `qwen/qwen3-32b` in organization `org_01knwcbhc4fb59fgfezant08sz` service tier `on_demand` on tokens per minute (TPM): Limit 6000, Requested 11500, please reduce your message size and try again. Need more tokens? Upgrade to Dev Tier today at https://console.groq.com/settings/billing', 'type': 'tokens', 'code': 'rate_limit_exceeded'}}
Traceback (most recent call last):
  File "C:\Users\Chinmay\Assistant\src\brain.py", line 1441, in _force_execute_react_creation
    response = self._call_llm_with_retry(self.primary_model, code_prompt)
               ^^^^^^^^^^^^^^^^^^^^^^^^^^^^^^^^^^^^^^^^^^^^^^^^^^^^^^^^^^
  File "C:\Users\Chinmay\Assistant\src\brain.py", line 590, in _call_llm_with_retry
    raise last_error
  File "C:\Users\Chinmay\Assistant\src\brain.py", line 567, in _call_llm_with_retry
    return self._execute_groq_call(current_model, messages, tools)
           ^^^^^^^^^^^^^^^^^^^^^^^^^^^^^^^^^^^^^^^^^^^^^^^^^^^^^^^
  File "C:\Users\Chinmay\Assistant\src\brain.py", line 680, in _execute_groq_call
    response = client.chat.completions.create(**kwargs)
               ^^^^^^^^^^^^^^^^^^^^^^^^^^^^^^^^^^^^^^^^
  File "C:\Users\Chinmay\Assistant\venv\Lib\site-packages\groq\resources\chat\completions.py", line 461, in create
    return self._post(
           ^^^^^^^^^^^
  File "C:\Users\Chinmay\Assistant\venv\Lib\site-packages\groq\_base_client.py", line 1280, in post
    return cast(ResponseT, self.request(cast_to, opts, stream=stream, stream_cls=stream_cls))
                           ^^^^^^^^^^^^^^^^^^^^^^^^^^^^^^^^^^^^^^^^^^^^^^^^^^^^^^^^^^^^^^^^^
  File "C:\Users\Chinmay\Assistant\venv\Lib\site-packages\groq\_base_client.py", line 1067, in request
    raise self._make_status_error_from_response(err.response) from None
groq.APIStatusError: Error code: 413 - {'error': {'message': 'Request too large for model `qwen/qwen3-32b` in organization `org_01knwcbhc4fb59fgfezant08sz` service tier `on_demand` on tokens per minute (TPM): Limit 6000, Requested 11500, please reduce your message size and try again. Need more tokens? Upgrade to Dev Tier today at https://console.groq.com/settings/billing', 'type': 'tokens', 'code': 'rate_limit_exceeded'}}
2026-04-11 13:56:30 - src.brain - INFO - [PERF] process_command took 16.12s
2026-04-11 13:57:46 - __main__ - INFO - Starting Personal Desktop Assistant (Local Ollama Brain)...
2026-04-11 13:57:47 - src.voice_engine - INFO - Voice engine initialized with edge-tts, pygame, and persistent event loop
2026-04-11 13:57:47 - src.brain - INFO - Using Groq API for LLM connection.
2026-04-11 13:57:47 - src.brain - INFO - Brain initialized — fast: qwen2.5-coder:7b, primary: qwen2.5-coder:14b
2026-04-11 13:57:47 - src.voice_engine - INFO - Calibrating ambient noise (background)...
2026-04-11 13:57:47 - src.gui - INFO - Assistant GUI initialized
2026-04-11 13:57:49 - src.voice_engine - INFO - Ambient noise calibrated. Energy threshold: 411.93193685291965
2026-04-11 13:57:56 - src.brain - INFO - [Brain] Creation request detected — routing directly to force-execute (bypassing tool loop)
2026-04-11 13:57:56 - src.brain - INFO - [Brain] Force-executing creation (bypassing tool loop)
2026-04-11 13:57:57 - src.brain - INFO - [Brain] Groq token budget: input~153 + output 11347 = ~11500 (limit: 12000)
2026-04-11 13:58:00 - src.brain - INFO - [Brain] Got code response (4664 chars)
2026-04-11 13:58:00 - src.system_controller - INFO - Created folder: C:\Users\Chinmay\Desktop\youtube
2026-04-11 13:58:00 - src.brain - INFO - [Brain] Created project folder: C:\Users\Chinmay\Desktop/youtube
2026-04-11 13:58:00 - src.system_controller - INFO - Wrote to file: C:\Users\Chinmay\Desktop\youtube\index.html (1918 bytes, 1865 chars)
2026-04-11 13:58:00 - src.brain - INFO - [Brain] Wrote (=== pattern): index.html (1865 chars)
2026-04-11 13:58:00 - src.system_controller - INFO - Wrote to file: C:\Users\Chinmay\Desktop\youtube\style.css (1816 bytes, 1709 chars)
2026-04-11 13:58:00 - src.brain - INFO - [Brain] Wrote (=== pattern): style.css (1709 chars)
2026-04-11 13:58:00 - src.system_controller - INFO - Wrote to file: C:\Users\Chinmay\Desktop\youtube\script.js (1042 bytes, 1013 chars)
2026-04-11 13:58:00 - src.brain - INFO - [Brain] Wrote (=== pattern): script.js (1013 chars)
2026-04-11 13:58:00 - src.brain - INFO - [PERF] process_command took 3.31s
2026-04-11 13:58:38 - src.brain - INFO - [Brain] Active project exists — routing to modification for 'C:\Users\Chinmay\Desktop/youtube'
2026-04-11 13:58:38 - src.brain - INFO - [Brain] Force-executing modification on 'C:\Users\Chinmay\Desktop/youtube'
2026-04-11 13:58:38 - src.system_controller - INFO - Read file: C:\Users\Chinmay\Desktop\youtube\index.html (1865 chars)
2026-04-11 13:58:38 - src.system_controller - INFO - Read file: C:\Users\Chinmay\Desktop\youtube\package.json (407 chars)
2026-04-11 13:58:38 - src.system_controller - INFO - Read file: C:\Users\Chinmay\Desktop\youtube\script.js (1013 chars)
2026-04-11 13:58:38 - src.system_controller - INFO - Read file: C:\Users\Chinmay\Desktop\youtube\style.css (1709 chars)
2026-04-11 13:58:38 - src.system_controller - INFO - Read file: C:\Users\Chinmay\Desktop\youtube\vite.config.js (133 chars)
2026-04-11 13:58:39 - src.brain - INFO - [Brain] Groq token budget: input~1482 + output 10018 = ~11500 (limit: 12000)
2026-04-11 13:58:42 - src.system_controller - INFO - Wrote to file: C:\Users\Chinmay\Desktop\youtube\index.html (2848 bytes, 2775 chars)
2026-04-11 13:58:42 - src.brain - INFO - [Brain] Wrote (=== pattern): index.html (2775 chars)
2026-04-11 13:58:42 - src.system_controller - INFO - Wrote to file: C:\Users\Chinmay\Desktop\youtube\package.json (425 bytes, 406 chars)
2026-04-11 13:58:42 - src.brain - INFO - [Brain] Wrote (=== pattern): package.json (406 chars)
2026-04-11 13:58:42 - src.system_controller - INFO - Wrote to file: C:\Users\Chinmay\Desktop\youtube\script.js (1042 bytes, 1013 chars)
2026-04-11 13:58:42 - src.brain - INFO - [Brain] Wrote (=== pattern): script.js (1013 chars)
2026-04-11 13:58:42 - src.system_controller - INFO - Wrote to file: C:\Users\Chinmay\Desktop\youtube\style.css (2782 bytes, 2622 chars)
2026-04-11 13:58:42 - src.brain - INFO - [Brain] Wrote (=== pattern): style.css (2622 chars)
2026-04-11 13:58:42 - src.system_controller - INFO - Wrote to file: C:\Users\Chinmay\Desktop\youtube\vite.config.js (137 bytes, 132 chars)
2026-04-11 13:58:42 - src.brain - INFO - [Brain] Wrote (=== pattern): vite.config.js (132 chars)
2026-04-11 13:58:42 - src.brain - INFO - [PERF] process_command took 3.72s
2026-04-11 13:59:17 - src.brain - INFO - [Brain] Active project exists — routing to modification for 'C:\Users\Chinmay\Desktop/youtube'
2026-04-11 13:59:17 - src.brain - INFO - [Brain] Force-executing modification on 'C:\Users\Chinmay\Desktop/youtube'
2026-04-11 13:59:17 - src.system_controller - INFO - Read file: C:\Users\Chinmay\Desktop\youtube\index.html (2775 chars)
2026-04-11 13:59:17 - src.system_controller - INFO - Read file: C:\Users\Chinmay\Desktop\youtube\package.json (406 chars)
2026-04-11 13:59:17 - src.system_controller - INFO - Read file: C:\Users\Chinmay\Desktop\youtube\script.js (1013 chars)
2026-04-11 13:59:17 - src.system_controller - INFO - Read file: C:\Users\Chinmay\Desktop\youtube\style.css (2622 chars)
2026-04-11 13:59:17 - src.system_controller - INFO - Read file: C:\Users\Chinmay\Desktop\youtube\vite.config.js (132 chars)
2026-04-11 13:59:17 - src.brain - INFO - [Brain] Groq token budget: input~1931 + output 9569 = ~11500 (limit: 12000)
2026-04-11 13:59:20 - src.system_controller - INFO - Wrote to file: C:\Users\Chinmay\Desktop\youtube\index.html (2848 bytes, 2775 chars)
2026-04-11 13:59:20 - src.brain - INFO - [Brain] Wrote (=== pattern): index.html (2775 chars)
2026-04-11 13:59:20 - src.system_controller - INFO - Wrote to file: C:\Users\Chinmay\Desktop\youtube\package.json (425 bytes, 406 chars)
2026-04-11 13:59:20 - src.brain - INFO - [Brain] Wrote (=== pattern): package.json (406 chars)
2026-04-11 13:59:20 - src.system_controller - INFO - Wrote to file: C:\Users\Chinmay\Desktop\youtube\script.js (1042 bytes, 1013 chars)
2026-04-11 13:59:20 - src.brain - INFO - [Brain] Wrote (=== pattern): script.js (1013 chars)
2026-04-11 13:59:20 - src.system_controller - INFO - Wrote to file: C:\Users\Chinmay\Desktop\youtube\style.css (2782 bytes, 2622 chars)
2026-04-11 13:59:20 - src.brain - INFO - [Brain] Wrote (=== pattern): style.css (2622 chars)
2026-04-11 13:59:20 - src.system_controller - INFO - Wrote to file: C:\Users\Chinmay\Desktop\youtube\vite.config.js (137 bytes, 132 chars)
2026-04-11 13:59:20 - src.brain - INFO - [Brain] Wrote (=== pattern): vite.config.js (132 chars)
2026-04-11 13:59:20 - src.brain - INFO - [PERF] process_command took 3.18s
2026-04-11 13:59:42 - src.brain - INFO - [Brain] Active project exists — routing to modification for 'C:\Users\Chinmay\Desktop/youtube'
2026-04-11 13:59:42 - src.brain - INFO - [Brain] Force-executing modification on 'C:\Users\Chinmay\Desktop/youtube'
2026-04-11 13:59:42 - src.system_controller - INFO - Read file: C:\Users\Chinmay\Desktop\youtube\index.html (2775 chars)
2026-04-11 13:59:42 - src.system_controller - INFO - Read file: C:\Users\Chinmay\Desktop\youtube\package.json (406 chars)
2026-04-11 13:59:42 - src.system_controller - INFO - Read file: C:\Users\Chinmay\Desktop\youtube\script.js (1013 chars)
2026-04-11 13:59:42 - src.system_controller - INFO - Read file: C:\Users\Chinmay\Desktop\youtube\style.css (2622 chars)
2026-04-11 13:59:42 - src.system_controller - INFO - Read file: C:\Users\Chinmay\Desktop\youtube\vite.config.js (132 chars)
2026-04-11 13:59:42 - src.brain - INFO - [Brain] Groq token budget: input~1933 + output 9567 = ~11500 (limit: 12000)
2026-04-11 13:59:45 - src.system_controller - INFO - Wrote to file: C:\Users\Chinmay\Desktop\youtube\index.html (2848 bytes, 2775 chars)
2026-04-11 13:59:45 - src.brain - INFO - [Brain] Wrote (=== pattern): index.html (2775 chars)
2026-04-11 13:59:45 - src.system_controller - INFO - Wrote to file: C:\Users\Chinmay\Desktop\youtube\package.json (425 bytes, 406 chars)
2026-04-11 13:59:45 - src.brain - INFO - [Brain] Wrote (=== pattern): package.json (406 chars)
2026-04-11 13:59:45 - src.system_controller - INFO - Wrote to file: C:\Users\Chinmay\Desktop\youtube\script.js (1042 bytes, 1013 chars)
2026-04-11 13:59:45 - src.brain - INFO - [Brain] Wrote (=== pattern): script.js (1013 chars)
2026-04-11 13:59:45 - src.system_controller - INFO - Wrote to file: C:\Users\Chinmay\Desktop\youtube\style.css (2873 bytes, 2709 chars)
2026-04-11 13:59:45 - src.brain - INFO - [Brain] Wrote (=== pattern): style.css (2709 chars)
2026-04-11 13:59:45 - src.system_controller - INFO - Wrote to file: C:\Users\Chinmay\Desktop\youtube\vite.config.js (137 bytes, 132 chars)
2026-04-11 13:59:45 - src.brain - INFO - [Brain] Wrote (=== pattern): vite.config.js (132 chars)
2026-04-11 13:59:45 - src.brain - INFO - [PERF] process_command took 3.28s
2026-04-11 14:00:50 - src.brain - INFO - [Brain] New project 'mario' requested (different from 'youtube')
2026-04-11 14:00:50 - src.brain - INFO - [Brain] Creation request detected — routing directly to force-execute (bypassing tool loop)
2026-04-11 14:00:50 - src.brain - INFO - [Brain] Force-executing creation (bypassing tool loop)
2026-04-11 14:00:50 - src.brain - INFO - [Brain] Groq token budget: input~142 + output 11358 = ~11500 (limit: 12000)
2026-04-11 14:00:52 - src.brain - INFO - [Brain] Got code response (2892 chars)
2026-04-11 14:00:52 - src.system_controller - INFO - Created folder: C:\Users\Chinmay\Desktop\mario
2026-04-11 14:00:52 - src.brain - INFO - [Brain] Created project folder: C:\Users\Chinmay\Desktop/mario
2026-04-11 14:00:52 - src.system_controller - INFO - Wrote to file: C:\Users\Chinmay\Desktop\mario\main.py (1683 bytes, 1612 chars)
2026-04-11 14:00:52 - src.brain - INFO - [Brain] Wrote (=== pattern): main.py (1612 chars)
2026-04-11 14:00:52 - src.system_controller - INFO - Wrote to file: C:\Users\Chinmay\Desktop\mario\settings.py (110 bytes, 105 chars)
2026-04-11 14:00:52 - src.brain - INFO - [Brain] Wrote (=== pattern): settings.py (105 chars)
2026-04-11 14:00:52 - src.system_controller - INFO - Wrote to file: C:\Users\Chinmay\Desktop\mario\player.py (821 bytes, 793 chars)
2026-04-11 14:00:52 - src.brain - INFO - [Brain] Wrote (=== pattern): player.py (793 chars)
2026-04-11 14:00:52 - src.system_controller - INFO - Wrote to file: C:\Users\Chinmay\Desktop\mario\utils.py (291 bytes, 281 chars)
2026-04-11 14:00:52 - src.brain - INFO - [Brain] Wrote (=== pattern): utils.py (281 chars)
2026-04-11 14:00:52 - src.brain - INFO - [PERF] process_command took 1.80s
2026-04-11 14:02:21 - src.brain - INFO - [Brain] Active project exists — routing to modification for 'C:\Users\Chinmay\Desktop/mario'
2026-04-11 14:02:21 - src.brain - INFO - [Brain] Force-executing modification on 'C:\Users\Chinmay\Desktop/mario'
2026-04-11 14:02:21 - src.system_controller - INFO - Read file: C:\Users\Chinmay\Desktop\mario\main.py (1612 chars)
2026-04-11 14:02:21 - src.system_controller - INFO - Read file: C:\Users\Chinmay\Desktop\mario\player.py (793 chars)
2026-04-11 14:02:21 - src.system_controller - INFO - Read file: C:\Users\Chinmay\Desktop\mario\settings.py (105 chars)
2026-04-11 14:02:21 - src.system_controller - INFO - Read file: C:\Users\Chinmay\Desktop\mario\utils.py (281 chars)
2026-04-11 14:02:21 - src.brain - INFO - [Brain] Groq token budget: input~884 + output 10616 = ~11500 (limit: 12000)
2026-04-11 14:02:23 - src.system_controller - INFO - Wrote to file: C:\Users\Chinmay\Desktop\mario\main.py (2192 bytes, 2113 chars)
2026-04-11 14:02:23 - src.brain - INFO - [Brain] Wrote (=== pattern): main.py (2113 chars)
2026-04-11 14:02:23 - src.system_controller - INFO - Wrote to file: C:\Users\Chinmay\Desktop\mario\player.py (859 bytes, 828 chars)
2026-04-11 14:02:23 - src.brain - INFO - [Brain] Wrote (=== pattern): player.py (828 chars)
2026-04-11 14:02:23 - src.system_controller - INFO - Wrote to file: C:\Users\Chinmay\Desktop\mario\settings.py (110 bytes, 105 chars)
2026-04-11 14:02:23 - src.brain - INFO - [Brain] Wrote (=== pattern): settings.py (105 chars)
2026-04-11 14:02:23 - src.system_controller - INFO - Wrote to file: C:\Users\Chinmay\Desktop\mario\utils.py (303 bytes, 292 chars)
2026-04-11 14:02:23 - src.brain - INFO - [Brain] Wrote (=== pattern): utils.py (292 chars)
2026-04-11 14:02:23 - src.brain - INFO - [PERF] process_command took 2.03s
2026-04-11 14:02:58 - src.brain - INFO - [Brain] Active project exists — routing to modification for 'C:\Users\Chinmay\Desktop/mario'
2026-04-11 14:02:58 - src.brain - INFO - [Brain] Force-executing modification on 'C:\Users\Chinmay\Desktop/mario'
2026-04-11 14:02:58 - src.system_controller - INFO - Read file: C:\Users\Chinmay\Desktop\mario\main.py (2113 chars)
2026-04-11 14:02:58 - src.system_controller - INFO - Read file: C:\Users\Chinmay\Desktop\mario\player.py (828 chars)
2026-04-11 14:02:58 - src.system_controller - INFO - Read file: C:\Users\Chinmay\Desktop\mario\settings.py (105 chars)
2026-04-11 14:02:58 - src.system_controller - INFO - Read file: C:\Users\Chinmay\Desktop\mario\utils.py (292 chars)
2026-04-11 14:02:59 - src.brain - INFO - [Brain] Groq token budget: input~1027 + output 10473 = ~11500 (limit: 12000)
2026-04-11 14:03:01 - src.system_controller - INFO - Wrote to file: C:\Users\Chinmay\Desktop\mario\main.py (3630 bytes, 3514 chars)
2026-04-11 14:03:01 - src.brain - INFO - [Brain] Wrote (=== pattern): main.py (3514 chars)
2026-04-11 14:03:01 - src.system_controller - INFO - Wrote to file: C:\Users\Chinmay\Desktop\mario\player.py (886 bytes, 854 chars)
2026-04-11 14:03:01 - src.brain - INFO - [Brain] Wrote (=== pattern): player.py (854 chars)
2026-04-11 14:03:01 - src.system_controller - INFO - Wrote to file: C:\Users\Chinmay\Desktop\mario\settings.py (147 bytes, 140 chars)
2026-04-11 14:03:01 - src.brain - INFO - [Brain] Wrote (=== pattern): settings.py (140 chars)
2026-04-11 14:03:01 - src.system_controller - INFO - Wrote to file: C:\Users\Chinmay\Desktop\mario\utils.py (303 bytes, 292 chars)
2026-04-11 14:03:01 - src.brain - INFO - [Brain] Wrote (=== pattern): utils.py (292 chars)
2026-04-11 14:03:01 - src.system_controller - INFO - Wrote to file: C:\Users\Chinmay\Desktop\mario\bullet.py (336 bytes, 325 chars)
2026-04-11 14:03:01 - src.brain - INFO - [Brain] Wrote (=== pattern): bullet.py (325 chars)
2026-04-11 14:03:01 - src.brain - INFO - [PERF] process_command took 2.78s
2026-04-11 14:04:31 - src.brain - INFO - [Brain] New project 'ecommerce' requested (different from 'mario')
2026-04-11 14:04:31 - src.brain - INFO - [Brain] Creation request detected — routing directly to force-execute (bypassing tool loop)
2026-04-11 14:04:31 - src.brain - INFO - [Brain] Force-executing creation (bypassing tool loop)
2026-04-11 14:04:31 - src.brain - INFO - [Brain] Groq token budget: input~161 + output 11339 = ~11500 (limit: 12000)
2026-04-11 14:04:34 - src.brain - INFO - [Brain] Got code response (5279 chars)
2026-04-11 14:04:34 - src.system_controller - INFO - Created folder: C:\Users\Chinmay\Desktop\ecommerce
2026-04-11 14:04:34 - src.brain - INFO - [Brain] Created project folder: C:\Users\Chinmay\Desktop/ecommerce
2026-04-11 14:04:34 - src.system_controller - INFO - Wrote to file: C:\Users\Chinmay\Desktop\ecommerce\index.html (1869 bytes, 1816 chars)
2026-04-11 14:04:34 - src.brain - INFO - [Brain] Wrote (=== pattern): index.html (1816 chars)
2026-04-11 14:04:34 - src.system_controller - INFO - Wrote to file: C:\Users\Chinmay\Desktop\ecommerce\style.css (1579 bytes, 1475 chars)
2026-04-11 14:04:34 - src.brain - INFO - [Brain] Wrote (=== pattern): style.css (1475 chars)
2026-04-11 14:04:34 - src.system_controller - INFO - Wrote to file: C:\Users\Chinmay\Desktop\ecommerce\script.js (1966 bytes, 1911 chars)
2026-04-11 14:04:34 - src.brain - INFO - [Brain] Wrote (=== pattern): script.js (1911 chars)
2026-04-11 14:04:34 - src.brain - INFO - [PERF] process_command took 2.88s
2026-04-12 21:34:47 - __main__ - INFO - Starting Personal Desktop Assistant (Local Ollama Brain)...
2026-04-12 21:34:48 - src.voice_engine - INFO - Voice engine initialized with edge-tts, pygame, and persistent event loop
2026-04-12 21:34:48 - src.brain - INFO - Using Groq API for LLM connection.
2026-04-12 21:34:48 - src.brain - INFO - Brain initialized — fast: qwen2.5-coder:7b, primary: qwen2.5-coder:14b
2026-04-12 21:34:49 - src.voice_engine - INFO - Calibrating ambient noise (background)...
2026-04-12 21:34:49 - src.gui - INFO - Assistant GUI initialized
2026-04-12 21:34:51 - src.voice_engine - INFO - Ambient noise calibrated. Energy threshold: 150
2026-04-12 21:35:47 - src.brain - INFO - [Brain] Creation request detected — routing directly to force-execute (bypassing tool loop)
2026-04-12 21:35:47 - src.brain - INFO - [Brain] Force-executing creation (bypassing tool loop)
2026-04-12 21:35:48 - src.brain - INFO - [Brain] Groq token budget: input~153 + output 11347 = ~11500 (limit: 12000)
2026-04-12 21:35:51 - src.brain - INFO - [Brain] Got code response (5138 chars)
2026-04-12 21:35:51 - src.system_controller - INFO - Created folder: C:\Users\Chinmay\Desktop\youtube
2026-04-12 21:35:51 - src.brain - INFO - [Brain] Created project folder: C:\Users\Chinmay\Desktop/youtube
2026-04-12 21:35:51 - src.system_controller - INFO - Wrote to file: C:\Users\Chinmay\Desktop\youtube\index.html (2021 bytes, 1965 chars)
2026-04-12 21:35:51 - src.brain - INFO - [Brain] Wrote (=== pattern): index.html (1965 chars)
2026-04-12 21:35:51 - src.system_controller - INFO - Wrote to file: C:\Users\Chinmay\Desktop\youtube\style.css (1932 bytes, 1817 chars)
2026-04-12 21:35:51 - src.brain - INFO - [Brain] Wrote (=== pattern): style.css (1817 chars)
2026-04-12 21:35:51 - src.system_controller - INFO - Wrote to file: C:\Users\Chinmay\Desktop\youtube\script.js (1321 bytes, 1279 chars)
2026-04-12 21:35:51 - src.brain - INFO - [Brain] Wrote (=== pattern): script.js (1279 chars)
2026-04-12 21:35:51 - src.brain - INFO - [PERF] process_command took 3.45s
2026-04-12 21:36:25 - src.brain - INFO - [Brain] Active project exists — routing to modification for 'C:\Users\Chinmay\Desktop/youtube'
2026-04-12 21:36:25 - src.brain - INFO - [Brain] Force-executing modification on 'C:\Users\Chinmay\Desktop/youtube'
2026-04-12 21:36:25 - src.system_controller - INFO - Read file: C:\Users\Chinmay\Desktop\youtube\index.html (1965 chars)
2026-04-12 21:36:25 - src.system_controller - INFO - Read file: C:\Users\Chinmay\Desktop\youtube\script.js (1279 chars)
2026-04-12 21:36:25 - src.system_controller - INFO - Read file: C:\Users\Chinmay\Desktop\youtube\style.css (1817 chars)
2026-04-12 21:36:26 - src.brain - INFO - [Brain] Groq token budget: input~1445 + output 10055 = ~11500 (limit: 12000)
2026-04-12 21:36:52 - src.system_controller - INFO - Wrote to file: C:\Users\Chinmay\Desktop\youtube\index.html (2021 bytes, 1965 chars)
2026-04-12 21:36:52 - src.brain - INFO - [Brain] Wrote (=== pattern): index.html (1965 chars)
2026-04-12 21:36:52 - src.system_controller - INFO - Wrote to file: C:\Users\Chinmay\Desktop\youtube\script.js (1321 bytes, 1279 chars)
2026-04-12 21:36:52 - src.brain - INFO - [Brain] Wrote (=== pattern): script.js (1279 chars)
2026-04-12 21:36:52 - src.system_controller - INFO - Wrote to file: C:\Users\Chinmay\Desktop\youtube\style.css (2188 bytes, 2063 chars)
2026-04-12 21:36:52 - src.brain - INFO - [Brain] Wrote (=== pattern): style.css (2063 chars)
2026-04-12 21:36:52 - src.brain - INFO - [PERF] process_command took 26.83s
2026-04-12 21:37:55 - src.brain - INFO - [Brain] Active project exists — routing to modification for 'C:\Users\Chinmay\Desktop/youtube'
2026-04-12 21:37:55 - src.brain - INFO - [Brain] Force-executing modification on 'C:\Users\Chinmay\Desktop/youtube'
2026-04-12 21:37:55 - src.system_controller - INFO - Read file: C:\Users\Chinmay\Desktop\youtube\index.html (1965 chars)
2026-04-12 21:37:55 - src.system_controller - INFO - Read file: C:\Users\Chinmay\Desktop\youtube\script.js (1279 chars)
2026-04-12 21:37:55 - src.system_controller - INFO - Read file: C:\Users\Chinmay\Desktop\youtube\style.css (2063 chars)
2026-04-12 21:37:56 - src.brain - INFO - [Brain] Groq token budget: input~1508 + output 9992 = ~11500 (limit: 12000)
2026-04-12 21:37:58 - src.system_controller - INFO - Wrote to file: C:\Users\Chinmay\Desktop\youtube\index.html (2207 bytes, 2150 chars)
2026-04-12 21:37:58 - src.brain - INFO - [Brain] Wrote (=== pattern): index.html (2150 chars)
2026-04-12 21:37:58 - src.system_controller - INFO - Wrote to file: C:\Users\Chinmay\Desktop\youtube\script.js (1321 bytes, 1279 chars)
2026-04-12 21:37:58 - src.brain - INFO - [Brain] Wrote (=== pattern): script.js (1279 chars)
2026-04-12 21:37:58 - src.system_controller - INFO - Wrote to file: C:\Users\Chinmay\Desktop\youtube\style.css (2208 bytes, 2082 chars)
2026-04-12 21:37:58 - src.brain - INFO - [Brain] Wrote (=== pattern): style.css (2082 chars)
2026-04-12 21:37:58 - src.brain - INFO - [PERF] process_command took 2.84s
2026-04-12 21:38:30 - src.brain - INFO - [Brain] Active project exists — routing to modification for 'C:\Users\Chinmay\Desktop/youtube'
2026-04-12 21:38:30 - src.brain - INFO - [Brain] Force-executing modification on 'C:\Users\Chinmay\Desktop/youtube'
2026-04-12 21:38:30 - src.system_controller - INFO - Read file: C:\Users\Chinmay\Desktop\youtube\index.html (2150 chars)
2026-04-12 21:38:30 - src.system_controller - INFO - Read file: C:\Users\Chinmay\Desktop\youtube\script.js (1279 chars)
2026-04-12 21:38:30 - src.system_controller - INFO - Read file: C:\Users\Chinmay\Desktop\youtube\style.css (2082 chars)
2026-04-12 21:38:30 - src.brain - INFO - [Brain] Groq token budget: input~1562 + output 9938 = ~11500 (limit: 12000)
2026-04-12 21:38:32 - src.system_controller - INFO - Wrote to file: C:\Users\Chinmay\Desktop\youtube\index.html (2132 bytes, 2078 chars)
2026-04-12 21:38:32 - src.brain - INFO - [Brain] Wrote (=== pattern): index.html (2078 chars)
2026-04-12 21:38:32 - src.system_controller - INFO - Wrote to file: C:\Users\Chinmay\Desktop\youtube\script.js (1321 bytes, 1279 chars)
2026-04-12 21:38:32 - src.brain - INFO - [Brain] Wrote (=== pattern): script.js (1279 chars)
2026-04-12 21:38:32 - src.system_controller - INFO - Wrote to file: C:\Users\Chinmay\Desktop\youtube\style.css (2051 bytes, 1934 chars)
2026-04-12 21:38:32 - src.brain - INFO - [Brain] Wrote (=== pattern): style.css (1934 chars)
2026-04-12 21:38:32 - src.brain - INFO - [PERF] process_command took 2.51s
2026-04-12 21:39:08 - src.brain - INFO - [Brain] Active project exists — routing to modification for 'C:\Users\Chinmay\Desktop/youtube'
2026-04-12 21:39:08 - src.brain - INFO - [Brain] Force-executing modification on 'C:\Users\Chinmay\Desktop/youtube'
2026-04-12 21:39:08 - src.system_controller - INFO - Read file: C:\Users\Chinmay\Desktop\youtube\index.html (2078 chars)
2026-04-12 21:39:08 - src.system_controller - INFO - Read file: C:\Users\Chinmay\Desktop\youtube\script.js (1279 chars)
2026-04-12 21:39:08 - src.system_controller - INFO - Read file: C:\Users\Chinmay\Desktop\youtube\style.css (1934 chars)
2026-04-12 21:39:08 - src.brain - INFO - [Brain] Groq token budget: input~1509 + output 9991 = ~11500 (limit: 12000)
2026-04-12 21:39:11 - src.system_controller - INFO - Wrote to file: C:\Users\Chinmay\Desktop\youtube\index.html (2132 bytes, 2078 chars)
2026-04-12 21:39:11 - src.brain - INFO - [Brain] Wrote (=== pattern): index.html (2078 chars)
2026-04-12 21:39:11 - src.system_controller - INFO - Wrote to file: C:\Users\Chinmay\Desktop\youtube\script.js (1321 bytes, 1279 chars)
2026-04-12 21:39:11 - src.brain - INFO - [Brain] Wrote (=== pattern): script.js (1279 chars)
2026-04-12 21:39:11 - src.system_controller - INFO - Wrote to file: C:\Users\Chinmay\Desktop\youtube\style.css (2317 bytes, 2185 chars)
2026-04-12 21:39:11 - src.brain - INFO - [Brain] Wrote (=== pattern): style.css (2185 chars)
2026-04-12 21:39:11 - src.brain - INFO - [PERF] process_command took 2.84s
2026-04-12 21:39:29 - src.voice_engine - INFO - Listening... (attempt 1/2)
2026-04-12 21:39:40 - src.voice_engine - INFO - Recognized: Japan Mein bolane wala
2026-04-12 21:39:40 - src.brain - INFO - [Brain] Active project exists — routing to modification for 'C:\Users\Chinmay\Desktop/youtube'
2026-04-12 21:39:40 - src.brain - INFO - [Brain] Force-executing modification on 'C:\Users\Chinmay\Desktop/youtube'
2026-04-12 21:39:40 - src.system_controller - INFO - Read file: C:\Users\Chinmay\Desktop\youtube\index.html (2078 chars)
2026-04-12 21:39:40 - src.system_controller - INFO - Read file: C:\Users\Chinmay\Desktop\youtube\script.js (1279 chars)
2026-04-12 21:39:40 - src.system_controller - INFO - Read file: C:\Users\Chinmay\Desktop\youtube\style.css (2185 chars)
2026-04-12 21:39:40 - src.brain - INFO - [Brain] Groq token budget: input~1564 + output 9936 = ~11500 (limit: 12000)
2026-04-12 21:39:43 - src.system_controller - INFO - Wrote to file: C:\Users\Chinmay\Desktop\youtube\index.html (2247 bytes, 2193 chars)
2026-04-12 21:39:43 - src.brain - INFO - [Brain] Wrote (=== pattern): index.html (2193 chars)
2026-04-12 21:39:43 - src.system_controller - INFO - Wrote to file: C:\Users\Chinmay\Desktop\youtube\script.js (1312 bytes, 1270 chars)
2026-04-12 21:39:43 - src.brain - INFO - [Brain] Wrote (=== pattern): script.js (1270 chars)
2026-04-12 21:39:43 - src.system_controller - INFO - Wrote to file: C:\Users\Chinmay\Desktop\youtube\style.css (2317 bytes, 2185 chars)
2026-04-12 21:39:43 - src.brain - INFO - [Brain] Wrote (=== pattern): style.css (2185 chars)
2026-04-12 21:39:43 - src.brain - INFO - [PERF] process_command took 2.98s
2026-04-12 21:39:53 - src.voice_engine - INFO - Listening... (attempt 1/2)
2026-04-12 21:40:11 - src.voice_engine - INFO - Recognized: Aata conversation language in better
2026-04-12 21:40:11 - src.brain - INFO - [Brain] Active project exists — routing to modification for 'C:\Users\Chinmay\Desktop/youtube'
2026-04-12 21:40:11 - src.brain - INFO - [Brain] Force-executing modification on 'C:\Users\Chinmay\Desktop/youtube'
2026-04-12 21:40:11 - src.system_controller - INFO - Read file: C:\Users\Chinmay\Desktop\youtube\index.html (2193 chars)
2026-04-12 21:40:11 - src.system_controller - INFO - Read file: C:\Users\Chinmay\Desktop\youtube\script.js (1270 chars)
2026-04-12 21:40:11 - src.system_controller - INFO - Read file: C:\Users\Chinmay\Desktop\youtube\style.css (2185 chars)
2026-04-12 21:40:11 - src.brain - INFO - [Brain] Groq token budget: input~1594 + output 9906 = ~11500 (limit: 12000)
2026-04-12 21:40:14 - src.system_controller - INFO - Wrote to file: C:\Users\Chinmay\Desktop\youtube\index.html (2372 bytes, 2318 chars)
2026-04-12 21:40:14 - src.brain - INFO - [Brain] Wrote (=== pattern): index.html (2318 chars)
2026-04-12 21:40:14 - src.system_controller - INFO - Wrote to file: C:\Users\Chinmay\Desktop\youtube\script.js (1312 bytes, 1270 chars)
2026-04-12 21:40:14 - src.brain - INFO - [Brain] Wrote (=== pattern): script.js (1270 chars)
2026-04-12 21:40:14 - src.system_controller - INFO - Wrote to file: C:\Users\Chinmay\Desktop\youtube\style.css (2317 bytes, 2185 chars)
2026-04-12 21:40:14 - src.brain - INFO - [Brain] Wrote (=== pattern): style.css (2185 chars)
2026-04-12 21:40:14 - src.brain - INFO - [PERF] process_command took 3.27s
2026-04-12 21:40:21 - src.brain - INFO - [Brain] New project 'racing' requested (different from 'youtube')
2026-04-12 21:40:21 - src.brain - INFO - [Brain] Creation request detected — routing directly to force-execute (bypassing tool loop)
2026-04-12 21:40:21 - src.brain - INFO - [Brain] Force-executing creation (bypassing tool loop)
2026-04-12 21:40:21 - src.brain - INFO - [Brain] Groq token budget: input~137 + output 11363 = ~11500 (limit: 12000)
2026-04-12 21:40:23 - src.brain - INFO - [Brain] Got code response (3056 chars)
2026-04-12 21:40:23 - src.system_controller - INFO - Created folder: C:\Users\Chinmay\Desktop\racing
2026-04-12 21:40:23 - src.brain - INFO - [Brain] Created project folder: C:\Users\Chinmay\Desktop/racing
2026-04-12 21:40:23 - src.system_controller - INFO - Wrote to file: C:\Users\Chinmay\Desktop\racing\main.py (2571 bytes, 2473 chars)
2026-04-12 21:40:23 - src.brain - INFO - [Brain] Wrote (=== pattern): main.py (2473 chars)
2026-04-12 21:40:23 - src.system_controller - INFO - Wrote to file: C:\Users\Chinmay\Desktop\racing\requirements.txt (6 bytes, 6 chars)
2026-04-12 21:40:23 - src.brain - INFO - [Brain] Wrote (=== pattern): requirements.txt (6 chars)
2026-04-12 21:40:23 - src.system_controller - INFO - Wrote to file: C:\Users\Chinmay\Desktop\racing\README.md (508 bytes, 496 chars)
2026-04-12 21:40:23 - src.brain - INFO - [Brain] Wrote (=== pattern): README.md (496 chars)
2026-04-12 21:40:23 - src.brain - INFO - [PERF] process_command took 1.87s
2026-04-12 21:41:53 - src.voice_engine - INFO - Listening... (attempt 1/2)
2026-04-12 21:42:08 - src.voice_engine - INFO - Recognized: open youtube.com
2026-04-12 21:42:08 - src.brain - INFO - [Fast Path] Opening: youtube.com
2026-04-12 21:42:08 - src.brain - INFO - [PERF] process_command took 0.46s
2026-04-12 21:42:27 - src.brain - INFO - [Brain] Active project exists — routing to modification for 'C:\Users\Chinmay\Desktop/racing'
2026-04-12 21:42:27 - src.brain - INFO - [Brain] Force-executing modification on 'C:\Users\Chinmay\Desktop/racing'
2026-04-12 21:42:27 - src.system_controller - INFO - Read file: C:\Users\Chinmay\Desktop\racing\main.py (2473 chars)
2026-04-12 21:42:27 - src.brain - INFO - [Brain] Groq token budget: input~784 + output 10716 = ~11500 (limit: 12000)
2026-04-12 21:42:29 - src.system_controller - INFO - Wrote to file: C:\Users\Chinmay\Desktop\racing\main.py (2898 bytes, 2792 chars)
2026-04-12 21:42:29 - src.brain - INFO - [Brain] Wrote (=== pattern): main.py (2792 chars)
2026-04-12 21:42:29 - src.brain - INFO - [PERF] process_command took 1.63s
2026-04-12 21:42:36 - src.voice_engine - ERROR - Failed to speak: mixer not initialized
2026-04-13 13:23:49 - __main__ - INFO - Starting Personal Desktop Assistant (Local Ollama Brain)...
2026-04-13 13:23:50 - src.voice_engine - INFO - Voice engine initialized with edge-tts, pygame, and persistent event loop
2026-04-13 13:23:50 - src.brain - INFO - Using Groq API for LLM connection.
2026-04-13 13:23:50 - src.brain - INFO - Brain initialized — fast: qwen2.5-coder:7b, primary: qwen2.5-coder:14b
2026-04-13 13:23:51 - src.voice_engine - INFO - Calibrating ambient noise (background)...
2026-04-13 13:23:51 - src.gui - INFO - Assistant GUI initialized
2026-04-13 13:23:53 - src.voice_engine - INFO - Ambient noise calibrated. Energy threshold: 294.97535595531417
2026-04-13 13:23:59 - src.brain - INFO - [Fast Path] Opening: camera
2026-04-13 13:23:59 - src.system_controller - INFO - Opened camera (mapped to start microsoft.windows.camera:)
2026-04-13 13:23:59 - src.brain - INFO - [PERF] process_command took 0.01s
2026-04-13 13:23:59 - src.gui - INFO - Response is a status/path message, skipping TTS
2026-04-13 13:24:06 - src.brain - INFO - [Fast Path] Opening: calendar
2026-04-13 13:24:06 - src.brain - INFO - [PERF] process_command took 0.42s
2026-04-13 13:24:32 - src.brain - INFO - [Brain] Tool-calling loop iteration 1/10
2026-04-13 13:24:32 - src.brain - WARNING - LLM call failed (model=qwen2.5-coder:14b, attempt 1): Error code: 400 - {'error': {'message': "Failed to call a function. Please adjust your prompt. See 'failed_generation' for more details.", 'type': 'invalid_request_error', 'code': 'tool_use_failed', 'failed_generation': '<function=open_url {"url": "https://www.gmail.com"} </function>'}}. Retrying in 1.0s...
2026-04-13 13:24:34 - src.brain - WARNING - LLM call failed (model=qwen2.5-coder:14b, attempt 2): Error code: 400 - {'error': {'message': "Failed to call a function. Please adjust your prompt. See 'failed_generation' for more details.", 'type': 'invalid_request_error', 'code': 'tool_use_failed', 'failed_generation': '<function=open_url {"url": "https://www.gmail.com"} </function>'}}. Retrying in 2.0s...
2026-04-13 13:31:26 - src.system_controller - INFO - Opening URL: https://youtube.com
2026-04-13 13:31:26 - src.system_controller - INFO - Opening URL: https://youtube.com
2026-04-13 13:31:26 - src.system_controller - INFO - Opening URL: http://localhost:3000
2026-04-13 13:31:26 - src.system_controller - INFO - Opening URL: https://www.google.com
2026-04-13 13:31:26 - src.system_controller - INFO - Opening URL: https://reddit.com/r/python
2026-04-13 13:31:26 - src.system_controller - INFO - Opening URL: https://
2026-04-13 13:31:26 - src.system_controller - INFO - Opening URL: httpsite.com
2026-04-13 13:31:26 - src.system_controller - INFO - Opening URL: https://HTTPS://GOOGLE.COM
2026-04-13 13:31:26 - src.system_controller - INFO - Opening URL: https://google.com/search?q=hello world
2026-04-13 13:31:26 - src.system_controller - INFO - Opening URL: https://example.com/path?a=1&b=2
2026-04-13 13:31:26 - src.system_controller - INFO - Opening URL: https://example.com/path#section
2026-04-13 13:31:26 - src.system_controller - INFO - Opening URL: https://user:pass@example.com
2026-04-13 13:31:26 - src.system_controller - INFO - Opening URL: https://www.google.com/search?q=python%20tutorials
2026-04-13 13:31:26 - src.system_controller - INFO - Opening URL: https://www.google.com/search?q=hello%20world
2026-04-13 13:31:26 - src.system_controller - INFO - Opening URL: https://www.google.com/search?q=what%20is%20AI%3F
2026-04-13 13:31:26 - src.system_controller - INFO - Opening URL: https://www.google.com/search?q=C%2B%2B%20programming
2026-04-13 13:31:26 - src.system_controller - INFO - Opened browser (mapped to start msedge)
2026-04-13 13:31:26 - src.system_controller - INFO - Opened chrome (mapped to start chrome)
2026-04-13 13:31:26 - src.system_controller - INFO - Opened edge (mapped to start msedge)
2026-04-13 13:31:26 - src.system_controller - INFO - Fuzzy matching 'google chrome' to 'chrome'
2026-04-13 13:31:26 - src.system_controller - INFO - Opened google chrome (mapped to start chrome)
2026-04-13 13:43:39 - src.system_controller - INFO - Opening URL: https://youtube.com
2026-04-13 13:43:39 - src.system_controller - INFO - Opening URL: https://youtube.com
2026-04-13 13:43:39 - src.system_controller - INFO - Opening URL: http://localhost:3000
2026-04-13 13:43:39 - src.system_controller - INFO - Opening URL: https://www.google.com
2026-04-13 13:43:39 - src.system_controller - INFO - Opening URL: https://reddit.com/r/python
2026-04-13 13:43:39 - src.system_controller - INFO - Opening URL: https://httpsite.com
2026-04-13 13:43:39 - src.system_controller - INFO - Opening URL: https://HTTPS://GOOGLE.COM
2026-04-13 13:43:39 - src.system_controller - INFO - Opening URL: https://google.com/search?q=hello world
2026-04-13 13:43:39 - src.system_controller - INFO - Opening URL: https://example.com/path?a=1&b=2
2026-04-13 13:43:39 - src.system_controller - INFO - Opening URL: https://example.com/path#section
2026-04-13 13:43:39 - src.system_controller - INFO - Opening URL: https://user:pass@example.com
2026-04-13 13:43:39 - src.system_controller - INFO - Opening URL: https://www.google.com/search?q=python%20tutorials
2026-04-13 13:43:39 - src.system_controller - INFO - Opening URL: https://www.google.com/search?q=hello%20world
2026-04-13 13:43:39 - src.system_controller - INFO - Opening URL: https://www.google.com/search?q=what%20is%20AI%3F
2026-04-13 13:43:39 - src.system_controller - INFO - Opening URL: https://www.google.com/search?q=C%2B%2B%20programming
2026-04-13 13:43:39 - src.system_controller - INFO - Opened browser (mapped to start msedge)
2026-04-13 13:43:39 - src.system_controller - INFO - Opened chrome (mapped to start chrome)
2026-04-13 13:43:39 - src.system_controller - INFO - Opened edge (mapped to start msedge)
2026-04-13 13:43:39 - src.system_controller - INFO - Fuzzy matching 'google chrome' to 'chrome'
2026-04-13 13:43:39 - src.system_controller - INFO - Opened google chrome (mapped to start chrome)
2026-04-13 13:44:37 - src.system_controller - INFO - Opening URL: https://youtube.com
2026-04-13 13:44:37 - src.system_controller - INFO - Opening URL: https://youtube.com
2026-04-13 13:44:37 - src.system_controller - INFO - Opening URL: http://localhost:3000
2026-04-13 13:44:37 - src.system_controller - INFO - Opening URL: https://www.google.com
2026-04-13 13:44:37 - src.system_controller - INFO - Opening URL: https://reddit.com/r/python
2026-04-13 13:44:37 - src.system_controller - INFO - Opening URL: https://httpsite.com
2026-04-13 13:44:37 - src.system_controller - INFO - Opening URL: https://HTTPS://GOOGLE.COM
2026-04-13 13:44:37 - src.system_controller - INFO - Opening URL: https://google.com/search?q=hello world
2026-04-13 13:44:37 - src.system_controller - INFO - Opening URL: https://example.com/path?a=1&b=2
2026-04-13 13:44:37 - src.system_controller - INFO - Opening URL: https://example.com/path#section
2026-04-13 13:44:37 - src.system_controller - INFO - Opening URL: https://user:pass@example.com
2026-04-13 13:44:37 - src.system_controller - INFO - Opening URL: https://www.google.com/search?q=python%20tutorials
2026-04-13 13:44:37 - src.system_controller - INFO - Opening URL: https://www.google.com/search?q=hello%20world
2026-04-13 13:44:37 - src.system_controller - INFO - Opening URL: https://www.google.com/search?q=what%20is%20AI%3F
2026-04-13 13:44:37 - src.system_controller - INFO - Opening URL: https://www.google.com/search?q=C%2B%2B%20programming
2026-04-13 13:44:37 - src.system_controller - INFO - Opened browser (mapped to start msedge)
2026-04-13 13:44:37 - src.system_controller - INFO - Opened chrome (mapped to start chrome)
2026-04-13 13:44:37 - src.system_controller - INFO - Opened edge (mapped to start msedge)
2026-04-13 13:44:37 - src.system_controller - INFO - Fuzzy matching 'google chrome' to 'chrome'
2026-04-13 13:44:37 - src.system_controller - INFO - Opened google chrome (mapped to start chrome)
2026-04-13 13:45:17 - src.brain - INFO - Available Ollama models: ['qwen2.5-coder:14b']
2026-04-13 13:45:17 - src.brain - ERROR - Failed to connect to Ollama server. Is it running? Error: 'Brain' object has no attribute '_pick_best_model'
2026-04-13 13:45:37 - src.brain - INFO - Brain initialized — fast: qwen2.5-coder:7b, primary: qwen2.5-coder:14b
2026-04-13 13:45:37 - src.brain - INFO - [Fast Path] Opening URL: youtube.com
2026-04-13 13:45:37 - src.system_controller - INFO - Opening URL: https://youtube.com
2026-04-13 13:45:37 - src.brain - INFO - [Fast Path] Opening URL: google.com
2026-04-13 13:45:37 - src.system_controller - INFO - Opening URL: https://google.com
2026-04-13 13:45:37 - src.brain - INFO - [Fast Path] Opening URL: github.com
2026-04-13 13:45:37 - src.system_controller - INFO - Opening URL: https://github.com
2026-04-13 13:45:37 - src.brain - INFO - [Fast Path] Opening URL: reddit.com/r/python
2026-04-13 13:45:37 - src.system_controller - INFO - Opening URL: https://reddit.com/r/python
2026-04-13 13:45:37 - src.brain - INFO - [Fast Path] Opening URL: en.wikipedia.org
2026-04-13 13:45:37 - src.system_controller - INFO - Opening URL: https://en.wikipedia.org
2026-04-13 13:45:37 - src.brain - INFO - [Fast Path] Opening URL: stackoverflow.com
2026-04-13 13:45:37 - src.system_controller - INFO - Opening URL: https://stackoverflow.com
2026-04-13 13:45:37 - src.brain - INFO - [Fast Path] Opening URL: www.google.com
2026-04-13 13:45:37 - src.system_controller - INFO - Opening URL: https://www.google.com
2026-04-13 13:45:37 - src.brain - INFO - [Fast Path] Opening URL: my-site.io
2026-04-13 13:45:37 - src.system_controller - INFO - Opening URL: https://my-site.io
2026-04-13 13:45:37 - src.brain - INFO - [Fast Path] Opening URL: my_site.co
2026-04-13 13:45:37 - src.system_controller - INFO - Opening URL: https://my_site.co
2026-04-13 13:45:37 - src.brain - INFO - [Fast Path] Opening URL: youtube.com
2026-04-13 13:45:37 - src.system_controller - INFO - Opening URL: https://youtube.com
2026-04-13 13:45:37 - src.brain - INFO - [Fast Path] Opening URL: google.com
2026-04-13 13:45:37 - src.system_controller - INFO - Opening URL: https://google.com
2026-04-13 13:45:37 - src.brain - INFO - [Fast Path] Opening URL: https://github.com
2026-04-13 13:45:37 - src.system_controller - INFO - Opening URL: https://github.com
2026-04-13 13:45:37 - src.brain - INFO - [Fast Path] Opening URL: www.reddit.com
2026-04-13 13:45:37 - src.system_controller - INFO - Opening URL: https://www.reddit.com
2026-04-13 13:45:37 - src.brain - INFO - [Fast Path] Opening URL: stackoverflow.com
2026-04-13 13:45:37 - src.system_controller - INFO - Opening URL: https://stackoverflow.com
2026-04-13 13:45:37 - src.brain - INFO - [Fast Path] Opening URL: spotify.com
2026-04-13 13:45:37 - src.system_controller - INFO - Opening URL: https://spotify.com
2026-04-13 13:45:37 - src.brain - INFO - [Fast Path] Opening URL: chat.openai.com
2026-04-13 13:45:37 - src.system_controller - INFO - Opening URL: https://chat.openai.com
2026-04-13 13:45:37 - src.system_controller - INFO - Opening URL: https://youtube.com
2026-04-13 13:45:37 - src.system_controller - INFO - Opening URL: https://youtube.com
2026-04-13 13:45:37 - src.system_controller - INFO - Opening URL: http://localhost:3000
2026-04-13 13:45:37 - src.system_controller - INFO - Opening URL: https://www.google.com
2026-04-13 13:45:37 - src.system_controller - INFO - Opening URL: https://reddit.com/r/python
2026-04-13 13:45:37 - src.system_controller - INFO - Opening URL: https://httpsite.com
2026-04-13 13:45:37 - src.system_controller - INFO - Opening URL: https://HTTPS://GOOGLE.COM
2026-04-13 13:45:37 - src.system_controller - INFO - Opening URL: https://google.com/search?q=hello world
2026-04-13 13:45:37 - src.system_controller - INFO - Opening URL: https://example.com/path?a=1&b=2
2026-04-13 13:45:37 - src.system_controller - INFO - Opening URL: https://example.com/path#section
2026-04-13 13:45:37 - src.system_controller - INFO - Opening URL: https://user:pass@example.com
2026-04-13 13:45:37 - src.system_controller - INFO - Opening URL: https://www.google.com/search?q=python%20tutorials
2026-04-13 13:45:37 - src.system_controller - INFO - Opening URL: https://www.google.com/search?q=hello%20world
2026-04-13 13:45:37 - src.system_controller - INFO - Opening URL: https://www.google.com/search?q=what%20is%20AI%3F
2026-04-13 13:45:37 - src.system_controller - INFO - Opening URL: https://www.google.com/search?q=C%2B%2B%20programming
2026-04-13 13:45:37 - src.system_controller - INFO - Opened browser (mapped to start msedge)
2026-04-13 13:45:37 - src.system_controller - INFO - Opened chrome (mapped to start chrome)
2026-04-13 13:45:37 - src.system_controller - INFO - Opened edge (mapped to start msedge)
2026-04-13 13:45:37 - src.system_controller - INFO - Fuzzy matching 'google chrome' to 'chrome'
2026-04-13 13:45:37 - src.system_controller - INFO - Opened google chrome (mapped to start chrome)
2026-04-13 13:45:37 - src.brain - INFO - [Fast Path] Opening: the browser
2026-04-13 13:45:37 - src.system_controller - INFO - Opened browser (mapped to start msedge)
2026-04-13 13:45:37 - src.brain - INFO - [Fast Path] Opening: edge
2026-04-13 13:45:37 - src.system_controller - INFO - Opened edge (mapped to start msedge)
2026-04-13 13:45:37 - src.brain - INFO - [Fast Path] Opening: chrome
2026-04-13 13:45:37 - src.system_controller - INFO - Opened chrome (mapped to start chrome)
2026-04-13 13:45:37 - src.brain - INFO - [Fast Path] Opening: youtube
2026-04-13 13:45:37 - src.brain - INFO - [Fast Path] Opening URL: youtube.com
2026-04-13 13:45:37 - src.system_controller - INFO - Opening URL: https://youtube.com
2026-04-13 13:45:37 - src.brain - INFO - [Fast Path] Opening URL: google.com
2026-04-13 13:45:37 - src.system_controller - INFO - Opening URL: https://google.com
2026-04-13 13:45:37 - src.brain - INFO - [Fast Path] Opening URL: github.com/trending
2026-04-13 13:45:37 - src.system_controller - INFO - Opening URL: https://github.com/trending
2026-04-13 13:45:37 - src.brain - INFO - [Fast Path] Opening URL: reddit.com
2026-04-13 13:45:37 - src.system_controller - INFO - Opening URL: https://reddit.com
2026-04-13 13:45:37 - src.brain - INFO - [Fast Path] Opening URL: https://chat.openai.com
2026-04-13 13:45:37 - src.system_controller - INFO - Opening URL: https://chat.openai.com
2026-04-13 13:48:31 - __main__ - INFO - Starting Personal Desktop Assistant (Local Ollama Brain)...
2026-04-13 13:48:31 - src.voice_engine - INFO - Voice engine initialized with edge-tts, pygame, and persistent event loop
2026-04-13 13:48:31 - src.brain - INFO - Using Groq API for LLM connection.
2026-04-13 13:48:31 - src.brain - INFO - Brain initialized — fast: qwen2.5-coder:7b, primary: qwen2.5-coder:14b
2026-04-13 13:48:32 - src.voice_engine - INFO - Calibrating ambient noise (background)...
2026-04-13 13:48:32 - src.gui - INFO - Assistant GUI initialized
2026-04-13 13:48:34 - src.voice_engine - INFO - Ambient noise calibrated. Energy threshold: 150
2026-04-13 13:48:41 - src.brain - INFO - [Fast Path] Opening: youtube
2026-04-13 13:48:41 - src.brain - INFO - [PERF] process_command took 0.41s
2026-04-13 13:48:55 - src.brain - INFO - [Brain] Tool-calling loop iteration 1/10
2026-04-13 13:48:56 - src.brain - WARNING - LLM call failed (model=qwen2.5-coder:14b, attempt 1): Error code: 400 - {'error': {'message': "Failed to call a function. Please adjust your prompt. See 'failed_generation' for more details.", 'type': 'invalid_request_error', 'code': 'tool_use_failed', 'failed_generation': '<function=open_url {"url": "https://www.youtube.com"} </function>'}}. Retrying in 1.0s...
2026-04-13 13:48:58 - src.brain - WARNING - LLM call failed (model=qwen2.5-coder:14b, attempt 2): Error code: 400 - {'error': {'message': "Failed to call a function. Please adjust your prompt. See 'failed_generation' for more details.", 'type': 'invalid_request_error', 'code': 'tool_use_failed', 'failed_generation': '<function=open_url {"url": "https://www.youtube.com"} </function>'}}. Retrying in 2.0s...
2026-04-13 13:49:23 - src.brain - WARNING - LLM call failed (model=qwen2.5-coder:14b, attempt 3): Error code: 400 - {'error': {'message': "Failed to call a function. Please adjust your prompt. See 'failed_generation' for more details.", 'type': 'invalid_request_error', 'code': 'tool_use_failed', 'failed_generation': '<function=open_url{"url": "https://www.youtube.com"}</function>'}}. Retrying in 4.0s...
2026-04-13 13:49:27 - src.brain - WARNING - All retries exhausted for model 'qwen2.5-coder:14b'. Trying fallback...
2026-04-13 13:49:51 - src.brain - WARNING - LLM call failed (model=qwen2.5-coder:7b, attempt 1): Error code: 400 - {'error': {'message': "Failed to call a function. Please adjust your prompt. See 'failed_generation' for more details.", 'type': 'invalid_request_error', 'code': 'tool_use_failed', 'failed_generation': '<function=open_url{"url": "https://www.youtube.com"}</function>'}}. Retrying in 1.0s...
2026-04-13 13:50:19 - src.brain - WARNING - LLM call failed (model=qwen2.5-coder:7b, attempt 2): Error code: 400 - {'error': {'message': "Failed to call a function. Please adjust your prompt. See 'failed_generation' for more details.", 'type': 'invalid_request_error', 'code': 'tool_use_failed', 'failed_generation': '<function=open_url {"url": "https://www.youtube.com"} </function>'}}. Retrying in 2.0s...
2026-04-13 13:50:47 - src.brain - WARNING - LLM call failed (model=qwen2.5-coder:7b, attempt 3): Error code: 400 - {'error': {'message': "Failed to call a function. Please adjust your prompt. See 'failed_generation' for more details.", 'type': 'invalid_request_error', 'code': 'tool_use_failed', 'failed_generation': '<function=open_url{"url": "https://www.youtube.com"}</function>'}}. Retrying in 4.0s...
2026-04-13 13:50:51 - src.brain - WARNING - All retries exhausted for model 'qwen2.5-coder:7b'. Trying fallback...
2026-04-13 13:50:51 - src.brain - ERROR - Error processing command: Error code: 400 - {'error': {'message': "Failed to call a function. Please adjust your prompt. See 'failed_generation' for more details.", 'type': 'invalid_request_error', 'code': 'tool_use_failed', 'failed_generation': '<function=open_url{"url": "https://www.youtube.com"}</function>'}}
Traceback (most recent call last):
  File "C:\Users\Chinmay\Assistant\src\brain.py", line 1951, in process_command
    response = self._call_llm_with_retry(model, self.messages, tools=self.tools)
               ^^^^^^^^^^^^^^^^^^^^^^^^^^^^^^^^^^^^^^^^^^^^^^^^^^^^^^^^^^^^^^^^^
  File "C:\Users\Chinmay\Assistant\src\brain.py", line 599, in _call_llm_with_retry
    raise last_error
  File "C:\Users\Chinmay\Assistant\src\brain.py", line 576, in _call_llm_with_retry
    return self._execute_groq_call(current_model, messages, tools)
           ^^^^^^^^^^^^^^^^^^^^^^^^^^^^^^^^^^^^^^^^^^^^^^^^^^^^^^^
  File "C:\Users\Chinmay\Assistant\src\brain.py", line 689, in _execute_groq_call
    response = client.chat.completions.create(**kwargs)
               ^^^^^^^^^^^^^^^^^^^^^^^^^^^^^^^^^^^^^^^^
  File "C:\Users\Chinmay\Assistant\venv\Lib\site-packages\groq\resources\chat\completions.py", line 461, in create
    return self._post(
           ^^^^^^^^^^^
  File "C:\Users\Chinmay\Assistant\venv\Lib\site-packages\groq\_base_client.py", line 1280, in post
    return cast(ResponseT, self.request(cast_to, opts, stream=stream, stream_cls=stream_cls))
                           ^^^^^^^^^^^^^^^^^^^^^^^^^^^^^^^^^^^^^^^^^^^^^^^^^^^^^^^^^^^^^^^^^
  File "C:\Users\Chinmay\Assistant\venv\Lib\site-packages\groq\_base_client.py", line 1067, in request
    raise self._make_status_error_from_response(err.response) from None
groq.BadRequestError: Error code: 400 - {'error': {'message': "Failed to call a function. Please adjust your prompt. See 'failed_generation' for more details.", 'type': 'invalid_request_error', 'code': 'tool_use_failed', 'failed_generation': '<function=open_url{"url": "https://www.youtube.com"}</function>'}}
2026-04-13 13:50:51 - src.brain - INFO - [PERF] process_command took 116.07s
2026-04-13 13:50:51 - src.gui - INFO - Response is a status/path message, skipping TTS
2026-04-13 13:52:31 - __main__ - INFO - Starting Personal Desktop Assistant (Local Ollama Brain)...
2026-04-13 13:52:31 - src.voice_engine - INFO - Voice engine initialized with edge-tts, pygame, and persistent event loop
2026-04-13 13:52:31 - src.brain - INFO - Using Groq API for LLM connection.
2026-04-13 13:52:31 - src.brain - INFO - Brain initialized — fast: qwen2.5-coder:7b, primary: qwen2.5-coder:14b
2026-04-13 13:52:31 - src.voice_engine - INFO - Calibrating ambient noise (background)...
2026-04-13 13:52:32 - src.gui - INFO - Assistant GUI initialized
2026-04-13 13:52:33 - src.voice_engine - INFO - Ambient noise calibrated. Energy threshold: 180.10862775337256
2026-04-13 13:52:41 - src.brain - INFO - [Fast Path] Opening: youtube from google
2026-04-13 13:52:41 - src.brain - INFO - [PERF] process_command took 0.36s
2026-04-13 13:52:49 - __main__ - INFO - Starting Personal Desktop Assistant (Local Ollama Brain)...
2026-04-13 13:52:49 - src.voice_engine - INFO - Voice engine initialized with edge-tts, pygame, and persistent event loop
2026-04-13 13:52:49 - src.brain - INFO - Using Groq API for LLM connection.
2026-04-13 13:52:49 - src.brain - INFO - Brain initialized — fast: qwen2.5-coder:7b, primary: qwen2.5-coder:14b
2026-04-13 13:52:50 - src.voice_engine - INFO - Calibrating ambient noise (background)...
2026-04-13 13:52:50 - src.gui - INFO - Assistant GUI initialized
2026-04-13 13:52:52 - src.voice_engine - INFO - Ambient noise calibrated. Energy threshold: 288.8141356329645
2026-04-13 13:53:02 - src.brain - INFO - [Brain] Tool-calling loop iteration 1/10
2026-04-13 13:53:03 - src.brain - WARNING - Groq API parsing failed due to Llama tool tag mismatch. Attempting manual extraction.
2026-04-13 13:53:03 - src.brain - WARNING - LLM call failed (model=qwen2.5-coder:14b, attempt 1): Error code: 400 - {'error': {'message': "Failed to call a function. Please adjust your prompt. See 'failed_generation' for more details.", 'type': 'invalid_request_error', 'code': 'tool_use_failed', 'failed_generation': '<function=open_app{"app_name": "chrome"}</function>\n'}}. Retrying in 1.0s...
2026-04-13 13:53:04 - src.brain - WARNING - Groq API parsing failed due to Llama tool tag mismatch. Attempting manual extraction.
2026-04-13 13:53:04 - src.brain - WARNING - LLM call failed (model=qwen2.5-coder:14b, attempt 2): Error code: 400 - {'error': {'message': "Failed to call a function. Please adjust your prompt. See 'failed_generation' for more details.", 'type': 'invalid_request_error', 'code': 'tool_use_failed', 'failed_generation': '<function=open_app{"app_name": "chrome"}</function>\n'}}. Retrying in 2.0s...
2026-04-13 13:53:29 - src.brain - WARNING - Groq API parsing failed due to Llama tool tag mismatch. Attempting manual extraction.
2026-04-13 13:53:29 - src.brain - WARNING - LLM call failed (model=qwen2.5-coder:14b, attempt 3): Error code: 400 - {'error': {'message': "Failed to call a function. Please adjust your prompt. See 'failed_generation' for more details.", 'type': 'invalid_request_error', 'code': 'tool_use_failed', 'failed_generation': '<function=open_app{"app_name": "chrome"}</function>\n'}}. Retrying in 4.0s...
2026-04-13 13:53:33 - src.brain - WARNING - All retries exhausted for model 'qwen2.5-coder:14b'. Trying fallback...
2026-04-13 13:53:57 - src.brain - WARNING - Groq API parsing failed due to Llama tool tag mismatch. Attempting manual extraction.
2026-04-13 13:53:57 - src.brain - WARNING - LLM call failed (model=qwen2.5-coder:7b, attempt 1): Error code: 400 - {'error': {'message': "Failed to call a function. Please adjust your prompt. See 'failed_generation' for more details.", 'type': 'invalid_request_error', 'code': 'tool_use_failed', 'failed_generation': '<function=open_app{"app_name": "chrome"}</function>\n'}}. Retrying in 1.0s...
2026-04-13 14:01:17 - __main__ - INFO - Starting Personal Desktop Assistant (Local Ollama Brain)...
2026-04-13 14:01:17 - src.voice_engine - INFO - Voice engine initialized with edge-tts, pygame, and persistent event loop
2026-04-13 14:01:17 - src.brain - INFO - Using Groq API for LLM connection.
2026-04-13 14:01:17 - src.brain - INFO - Brain initialized — fast: qwen2.5-coder:7b, primary: qwen2.5-coder:14b
2026-04-13 14:01:18 - src.voice_engine - INFO - Calibrating ambient noise (background)...
2026-04-13 14:01:18 - src.gui - INFO - Assistant GUI initialized
2026-04-13 14:01:19 - src.voice_engine - INFO - Listening... (attempt 1/2)
2026-04-13 14:01:20 - src.voice_engine - INFO - Ambient noise calibrated. Energy threshold: 463.63466329417054
2026-04-13 14:01:24 - src.voice_engine - INFO - Recognized: open Chrome
2026-04-13 14:01:24 - src.brain - INFO - [Fast Path] Opening: chrome
2026-04-13 14:01:24 - src.system_controller - INFO - Opened chrome (mapped to start chrome)
2026-04-13 14:01:24 - src.brain - INFO - [PERF] process_command took 0.01s
2026-04-13 14:01:24 - src.gui - INFO - Response is a status/path message, skipping TTS
2026-04-13 14:01:28 - src.voice_engine - INFO - Listening... (attempt 1/2)
2026-04-13 14:01:31 - src.voice_engine - INFO - Recognized: open youtube.com
2026-04-13 14:01:31 - src.brain - INFO - [Fast Path] Opening URL: youtube.com
2026-04-13 14:01:31 - src.system_controller - INFO - Opening URL: https://youtube.com
2026-04-13 14:01:31 - src.brain - INFO - [PERF] process_command took 0.01s
2026-04-13 14:01:31 - src.gui - INFO - Response is a status/path message, skipping TTS
2026-04-13 14:02:47 - src.brain - INFO - [Brain] Creation request detected — routing directly to force-execute (bypassing tool loop)
2026-04-13 14:02:47 - src.brain - INFO - [Brain] Force-executing creation (bypassing tool loop)
2026-04-13 14:02:47 - src.brain - INFO - [Brain] Groq token budget: input~168 + output 11332 = ~11500 (limit: 12000)
2026-04-13 14:02:50 - src.brain - INFO - [Brain] Got code response (5486 chars)
2026-04-13 14:02:50 - src.system_controller - INFO - Created folder: C:\Users\Chinmay\Desktop\youtube
2026-04-13 14:02:50 - src.brain - INFO - [Brain] Created project folder: C:\Users\Chinmay\Desktop/youtube
2026-04-13 14:02:50 - src.system_controller - INFO - Wrote to file: C:\Users\Chinmay\Desktop\youtube\index.html (1977 bytes, 1924 chars)
2026-04-13 14:02:50 - src.brain - INFO - [Brain] Wrote (=== pattern): index.html (1924 chars)
2026-04-13 14:02:50 - src.system_controller - INFO - Wrote to file: C:\Users\Chinmay\Desktop\youtube\style.css (2130 bytes, 1999 chars)
2026-04-13 14:02:50 - src.brain - INFO - [Brain] Wrote (=== pattern): style.css (1999 chars)
2026-04-13 14:02:50 - src.system_controller - INFO - Wrote to file: C:\Users\Chinmay\Desktop\youtube\script.js (1537 bytes, 1486 chars)
2026-04-13 14:02:50 - src.brain - INFO - [Brain] Wrote (=== pattern): script.js (1486 chars)
2026-04-13 14:02:50 - src.brain - INFO - [PERF] process_command took 3.36s
2026-04-13 14:03:33 - src.brain - INFO - [Brain] User explicitly requested a framework (React/Vue/Angular).
2026-04-13 14:03:33 - src.brain - INFO - [Brain] New project 'spotify' requested (different from 'youtube')
2026-04-13 14:03:33 - src.brain - INFO - [Brain] Force-executing React/framework creation
2026-04-13 14:03:33 - src.brain - INFO - [Brain] Creating Vite+React scaffold inline at: C:\Users\Chinmay\Desktop/spotify
2026-04-13 14:03:33 - src.system_controller - INFO - Wrote to file: C:\Users\Chinmay\Desktop\spotify\package.json (427 bytes, 407 chars)
2026-04-13 14:03:33 - src.system_controller - INFO - Wrote to file: C:\Users\Chinmay\Desktop\spotify\vite.config.js (139 bytes, 133 chars)
2026-04-13 14:03:33 - src.system_controller - INFO - Wrote to file: C:\Users\Chinmay\Desktop\spotify\index.html (306 bytes, 294 chars)
2026-04-13 14:03:33 - src.system_controller - INFO - Wrote to file: C:\Users\Chinmay\Desktop\spotify\src\main.jsx (245 bytes, 235 chars)
2026-04-13 14:03:33 - src.system_controller - INFO - Wrote to file: C:\Users\Chinmay\Desktop\spotify\src\index.css (359 bytes, 345 chars)
2026-04-13 14:03:33 - src.system_controller - INFO - Wrote to file: C:\Users\Chinmay\Desktop\spotify\src\App.jsx (148 bytes, 137 chars)
2026-04-13 14:03:33 - src.system_controller - INFO - Wrote to file: C:\Users\Chinmay\Desktop\spotify\src\App.css (146 bytes, 139 chars)
2026-04-13 14:03:33 - src.brain - INFO - [Brain] Vite+React scaffold created: 7 files in C:\Users\Chinmay\Desktop/spotify
2026-04-13 14:03:33 - src.brain - INFO - [Brain] Vite scaffold created successfully
2026-04-13 14:03:33 - src.brain - INFO - [Brain] Generating custom React (Vite) components...
2026-04-13 14:03:34 - src.brain - INFO - [Brain] Groq token budget: input~296 + output 11204 = ~11500 (limit: 12000)
2026-04-13 14:03:37 - src.brain - INFO - [Brain] Got custom code response (6000 chars)
2026-04-13 14:03:37 - src.system_controller - INFO - Wrote to file: C:\Users\Chinmay\Desktop\spotify\src\App.jsx (2574 bytes, 2488 chars)
2026-04-13 14:03:37 - src.brain - INFO - [Brain] Wrote (=== pattern): App.jsx (2488 chars)
2026-04-13 14:03:37 - src.system_controller - INFO - Wrote to file: C:\Users\Chinmay\Desktop\spotify\src\App.css (1656 bytes, 1555 chars)
2026-04-13 14:03:37 - src.brain - INFO - [Brain] Wrote (=== pattern): App.css (1555 chars)
2026-04-13 14:03:37 - src.system_controller - INFO - Wrote to file: C:\Users\Chinmay\Desktop\spotify\src\Sidebar.jsx (264 bytes, 249 chars)
2026-04-13 14:03:37 - src.brain - INFO - [Brain] Wrote (=== pattern): Sidebar.jsx (249 chars)
2026-04-13 14:03:37 - src.system_controller - INFO - Wrote to file: C:\Users\Chinmay\Desktop\spotify\src\Player.jsx (1178 bytes, 1130 chars)
2026-04-13 14:03:37 - src.brain - INFO - [Brain] Wrote (=== pattern): Player.jsx (1130 chars)
2026-04-13 14:03:37 - src.system_controller - INFO - Wrote to file: C:\Users\Chinmay\Desktop\spotify\src\SongList.jsx (410 bytes, 393 chars)
2026-04-13 14:03:37 - src.brain - INFO - [Brain] Wrote (=== pattern): SongList.jsx (393 chars)
2026-04-13 14:03:37 - src.brain - INFO - [Brain] Successfully wrote custom components: ['App.jsx', 'App.css', 'Sidebar.jsx', 'Player.jsx', 'SongList.jsx']
2026-04-13 14:03:37 - src.brain - INFO - [PERF] process_command took 3.65s
2026-04-15 13:58:16 - __main__ - INFO - Starting Personal Desktop Assistant (Local Ollama Brain)...
2026-04-15 13:58:17 - src.voice_engine - INFO - Voice engine initialized with edge-tts, pygame, and persistent event loop
2026-04-15 13:58:17 - src.brain - INFO - Using Groq API for LLM connection.
2026-04-15 13:58:17 - src.brain - INFO - Brain initialized — fast: qwen2.5-coder:7b, primary: qwen2.5-coder:14b
2026-04-15 13:58:18 - src.voice_engine - INFO - Calibrating ambient noise (background)...
2026-04-15 13:58:18 - src.gui - INFO - Assistant GUI initialized
2026-04-15 13:58:20 - src.voice_engine - INFO - Ambient noise calibrated. Energy threshold: 467.697797055519
2026-04-15 14:33:50 - __main__ - INFO - Starting Personal Desktop Assistant (Local Ollama Brain)...
2026-04-15 14:33:51 - src.voice_engine - INFO - Voice engine initialized with edge-tts, pygame, and persistent event loop
2026-04-15 14:33:51 - src.brain - INFO - Using Groq API for LLM connection.
2026-04-15 14:33:51 - src.brain - INFO - Brain initialized — fast: qwen2.5-coder:7b, primary: qwen2.5-coder:14b
2026-04-15 14:33:51 - src.voice_engine - INFO - Calibrating ambient noise (background)...
2026-04-15 14:33:51 - src.gui - INFO - Assistant GUI initialized
2026-04-15 14:33:53 - src.voice_engine - INFO - Ambient noise calibrated. Energy threshold: 150
2026-04-16 16:59:44 - src.brain - INFO - Brain initialized — fast: qwen2.5-coder:7b, primary: qwen2.5-coder:14b
2026-04-16 16:59:44 - src.brain - INFO - [Fast Path] Opening URL: youtube.com
2026-04-16 16:59:44 - src.system_controller - INFO - Opening URL: https://youtube.com
2026-04-16 16:59:44 - src.brain - INFO - [Fast Path] Opening URL: google.com
2026-04-16 16:59:44 - src.system_controller - INFO - Opening URL: https://google.com
2026-04-16 16:59:44 - src.brain - INFO - [Fast Path] Opening URL: github.com
2026-04-16 16:59:44 - src.system_controller - INFO - Opening URL: https://github.com
2026-04-16 16:59:44 - src.brain - INFO - [Fast Path] Opening URL: reddit.com/r/python
2026-04-16 16:59:44 - src.system_controller - INFO - Opening URL: https://reddit.com/r/python
2026-04-16 16:59:44 - src.brain - INFO - [Fast Path] Opening URL: en.wikipedia.org
2026-04-16 16:59:44 - src.system_controller - INFO - Opening URL: https://en.wikipedia.org
2026-04-16 16:59:44 - src.brain - INFO - [Fast Path] Opening URL: stackoverflow.com
2026-04-16 16:59:44 - src.system_controller - INFO - Opening URL: https://stackoverflow.com
2026-04-16 16:59:44 - src.brain - INFO - [Fast Path] Opening URL: www.google.com
2026-04-16 16:59:44 - src.system_controller - INFO - Opening URL: https://www.google.com
2026-04-16 16:59:44 - src.brain - INFO - [Fast Path] Opening URL: my-site.io
2026-04-16 16:59:44 - src.system_controller - INFO - Opening URL: https://my-site.io
2026-04-16 16:59:44 - src.brain - INFO - [Fast Path] Opening URL: my_site.co
2026-04-16 16:59:44 - src.system_controller - INFO - Opening URL: https://my_site.co
2026-04-16 16:59:44 - src.brain - INFO - [Fast Path] Opening URL: youtube.com
2026-04-16 16:59:44 - src.system_controller - INFO - Opening URL: https://youtube.com
2026-04-16 16:59:44 - src.brain - INFO - [Fast Path] Opening URL: google.com
2026-04-16 16:59:44 - src.system_controller - INFO - Opening URL: https://google.com
2026-04-16 16:59:44 - src.brain - INFO - [Fast Path] Opening URL: https://github.com
2026-04-16 16:59:44 - src.system_controller - INFO - Opening URL: https://github.com
2026-04-16 16:59:44 - src.brain - INFO - [Fast Path] Opening URL: www.reddit.com
2026-04-16 16:59:44 - src.system_controller - INFO - Opening URL: https://www.reddit.com
2026-04-16 16:59:44 - src.brain - INFO - [Fast Path] Opening URL: stackoverflow.com
2026-04-16 16:59:44 - src.system_controller - INFO - Opening URL: https://stackoverflow.com
2026-04-16 16:59:44 - src.brain - INFO - [Fast Path] Opening URL: spotify.com
2026-04-16 16:59:44 - src.system_controller - INFO - Opening URL: https://spotify.com
2026-04-16 16:59:44 - src.brain - INFO - [Fast Path] Opening URL: chat.openai.com
2026-04-16 16:59:44 - src.system_controller - INFO - Opening URL: https://chat.openai.com
2026-04-16 16:59:44 - src.system_controller - INFO - Opening URL: https://youtube.com
2026-04-16 16:59:44 - src.system_controller - INFO - Opening URL: https://youtube.com
2026-04-16 16:59:44 - src.system_controller - INFO - Opening URL: http://localhost:3000
2026-04-16 16:59:44 - src.system_controller - INFO - Opening URL: https://www.google.com
2026-04-16 16:59:44 - src.system_controller - INFO - Opening URL: https://reddit.com/r/python
2026-04-16 16:59:44 - src.system_controller - INFO - Opening URL: https://httpsite.com
2026-04-16 16:59:44 - src.system_controller - INFO - Opening URL: https://HTTPS://GOOGLE.COM
2026-04-16 16:59:44 - src.system_controller - INFO - Opening URL: https://google.com/search?q=hello world
2026-04-16 16:59:44 - src.system_controller - INFO - Opening URL: https://example.com/path?a=1&b=2
2026-04-16 16:59:44 - src.system_controller - INFO - Opening URL: https://example.com/path#section
2026-04-16 16:59:44 - src.system_controller - INFO - Opening URL: https://user:pass@example.com
2026-04-16 16:59:44 - src.system_controller - INFO - Opening URL: https://www.google.com/search?q=python%20tutorials
2026-04-16 16:59:44 - src.system_controller - INFO - Opening URL: https://www.google.com/search?q=hello%20world
2026-04-16 16:59:44 - src.system_controller - INFO - Opening URL: https://www.google.com/search?q=what%20is%20AI%3F
2026-04-16 16:59:44 - src.system_controller - INFO - Opening URL: https://www.google.com/search?q=C%2B%2B%20programming
2026-04-16 16:59:44 - src.system_controller - INFO - Opened browser (mapped to start msedge)
2026-04-16 16:59:44 - src.system_controller - INFO - Opened chrome (mapped to start chrome)
2026-04-16 16:59:44 - src.system_controller - INFO - Opened edge (mapped to start msedge)
2026-04-16 16:59:44 - src.system_controller - INFO - Fuzzy matching 'google chrome' to 'chrome'
2026-04-16 16:59:44 - src.system_controller - INFO - Opened google chrome (mapped to start chrome)
2026-04-16 16:59:44 - src.brain - INFO - [Fast Path] Opening: the browser
2026-04-16 16:59:44 - src.system_controller - INFO - Opened browser (mapped to start msedge)
2026-04-16 16:59:44 - src.brain - INFO - [Fast Path] Opening: edge
2026-04-16 16:59:44 - src.system_controller - INFO - Opened edge (mapped to start msedge)
2026-04-16 16:59:44 - src.brain - INFO - [Fast Path] Opening: chrome
2026-04-16 16:59:44 - src.system_controller - INFO - Opened chrome (mapped to start chrome)
2026-04-16 16:59:44 - src.brain - INFO - [Fast Path] Opening: youtube
2026-04-16 16:59:44 - src.brain - INFO - [Fast Path] Opening URL: youtube.com
2026-04-16 16:59:44 - src.system_controller - INFO - Opening URL: https://youtube.com
2026-04-16 16:59:44 - src.brain - INFO - [Fast Path] Opening URL: google.com
2026-04-16 16:59:44 - src.system_controller - INFO - Opening URL: https://google.com
2026-04-16 16:59:44 - src.brain - INFO - [Fast Path] Opening URL: github.com/trending
2026-04-16 16:59:44 - src.system_controller - INFO - Opening URL: https://github.com/trending
2026-04-16 16:59:44 - src.brain - INFO - [Fast Path] Opening URL: reddit.com
2026-04-16 16:59:44 - src.system_controller - INFO - Opening URL: https://reddit.com
2026-04-16 16:59:44 - src.brain - INFO - [Fast Path] Opening URL: https://chat.openai.com
2026-04-16 16:59:44 - src.system_controller - INFO - Opening URL: https://chat.openai.com
2026-04-17 12:07:41 - __main__ - INFO - Starting Personal Desktop Assistant (Local Ollama Brain)...
2026-04-17 12:07:42 - src.voice_engine - INFO - Voice engine initialized with edge-tts, pygame, and persistent event loop
2026-04-17 12:07:42 - src.brain - INFO - Using Groq API for LLM connection.
2026-04-17 12:07:42 - src.brain - INFO - Brain initialized — fast: qwen2.5-coder:7b, primary: qwen2.5-coder:14b
2026-04-17 12:07:42 - src.voice_engine - INFO - Calibrating ambient noise (background)...
2026-04-17 12:07:42 - src.gui - INFO - Assistant GUI initialized
2026-04-17 12:07:44 - src.voice_engine - INFO - Ambient noise calibrated. Energy threshold: 150
2026-04-17 15:14:34 - __main__ - INFO - Starting Personal Desktop Assistant (Local Ollama Brain)...
2026-04-17 15:14:34 - src.voice_engine - INFO - Voice engine initialized with edge-tts, pygame, and persistent event loop
2026-04-17 15:14:34 - src.brain - INFO - Using Groq API for LLM connection.
2026-04-17 15:14:34 - src.brain - INFO - Brain initialized — fast: qwen2.5-coder:7b, primary: qwen2.5-coder:14b
2026-04-17 15:14:35 - src.voice_engine - INFO - Calibrating ambient noise (background)...
2026-04-17 15:14:35 - src.gui - INFO - Assistant GUI initialized
2026-04-17 15:14:37 - src.voice_engine - INFO - Ambient noise calibrated. Energy threshold: 203.87466886711385
2026-04-17 15:14:43 - src.brain - INFO - [Brain] Tool-calling loop iteration 1/10
2026-04-17 15:14:44 - src.brain - WARNING - Groq API parsing failed due to Llama tool tag mismatch. Attempting manual extraction.
2026-04-17 15:14:44 - src.brain - INFO - Extracted failed_generation: <function=open_app{"app_name": "notepad"}</function>...
2026-04-17 15:14:44 - src.brain - INFO - Successfully recovered tool call: open_app({'app_name': 'notepad'})
2026-04-17 15:14:44 - src.brain - INFO - Calling tool: open_app with {'app_name': 'notepad'}
2026-04-17 15:14:44 - src.system_controller - INFO - Opened notepad (mapped to notepad)
2026-04-17 15:14:44 - src.brain - INFO - [Brain] Iteration 1: executed 1 tool(s), total actions: 1
2026-04-17 15:14:44 - src.brain - INFO - [Brain] Tool-calling loop iteration 2/10
2026-04-17 15:14:45 - src.brain - WARNING - LLM call failed (model=qwen2.5-coder:14b, attempt 1): Error code: 400 - {'error': {'message': "'messages.2' : for 'role:assistant' the following must be satisfied[('messages.2.tool_calls.0.function.arguments' : value must be a string)]", 'type': 'invalid_request_error'}}. Retrying in 1.0s...
2026-04-17 15:14:46 - src.brain - WARNING - LLM call failed (model=qwen2.5-coder:14b, attempt 2): Error code: 400 - {'error': {'message': "'messages.2' : for 'role:assistant' the following must be satisfied[('messages.2.tool_calls.0.function.arguments' : value must be a string)]", 'type': 'invalid_request_error'}}. Retrying in 2.0s...
2026-04-17 15:14:48 - src.brain - WARNING - LLM call failed (model=qwen2.5-coder:14b, attempt 3): Error code: 400 - {'error': {'message': "'messages.2' : for 'role:assistant' the following must be satisfied[('messages.2.tool_calls.0.function.arguments' : value must be a string)]", 'type': 'invalid_request_error'}}. Retrying in 4.0s...
2026-04-17 15:14:52 - src.brain - WARNING - All retries exhausted for model 'qwen2.5-coder:14b'. Trying fallback...
2026-04-17 15:14:53 - src.brain - WARNING - LLM call failed (model=qwen2.5-coder:7b, attempt 1): Error code: 400 - {'error': {'message': "'messages.2' : for 'role:assistant' the following must be satisfied[('messages.2.tool_calls.0.function.arguments' : value must be a string)]", 'type': 'invalid_request_error'}}. Retrying in 1.0s...
2026-04-17 15:14:54 - src.brain - WARNING - LLM call failed (model=qwen2.5-coder:7b, attempt 2): Error code: 400 - {'error': {'message': "'messages.2' : for 'role:assistant' the following must be satisfied[('messages.2.tool_calls.0.function.arguments' : value must be a string)]", 'type': 'invalid_request_error'}}. Retrying in 2.0s...
2026-04-17 15:14:56 - src.brain - WARNING - LLM call failed (model=qwen2.5-coder:7b, attempt 3): Error code: 400 - {'error': {'message': "'messages.2' : for 'role:assistant' the following must be satisfied[('messages.2.tool_calls.0.function.arguments' : value must be a string)]", 'type': 'invalid_request_error'}}. Retrying in 4.0s...
2026-04-17 15:15:00 - src.brain - WARNING - All retries exhausted for model 'qwen2.5-coder:7b'. Trying fallback...
2026-04-17 15:15:00 - src.brain - ERROR - Error processing command: Error code: 400 - {'error': {'message': "'messages.2' : for 'role:assistant' the following must be satisfied[('messages.2.tool_calls.0.function.arguments' : value must be a string)]", 'type': 'invalid_request_error'}}
Traceback (most recent call last):
  File "C:\Users\Chinmay\Assistant\src\brain.py", line 2013, in process_command
    response = self._call_llm_with_retry(model, self.messages, tools=self.tools)
               ^^^^^^^^^^^^^^^^^^^^^^^^^^^^^^^^^^^^^^^^^^^^^^^^^^^^^^^^^^^^^^^^^
  File "C:\Users\Chinmay\Assistant\src\brain.py", line 599, in _call_llm_with_retry
    raise last_error
  File "C:\Users\Chinmay\Assistant\src\brain.py", line 576, in _call_llm_with_retry
    return self._execute_groq_call(current_model, messages, tools)
           ^^^^^^^^^^^^^^^^^^^^^^^^^^^^^^^^^^^^^^^^^^^^^^^^^^^^^^^
  File "C:\Users\Chinmay\Assistant\src\brain.py", line 752, in _execute_groq_call
    raise e
  File "C:\Users\Chinmay\Assistant\src\brain.py", line 690, in _execute_groq_call
    response = client.chat.completions.create(**kwargs)
               ^^^^^^^^^^^^^^^^^^^^^^^^^^^^^^^^^^^^^^^^
  File "C:\Users\Chinmay\Assistant\venv\Lib\site-packages\groq\resources\chat\completions.py", line 461, in create
    return self._post(
           ^^^^^^^^^^^
  File "C:\Users\Chinmay\Assistant\venv\Lib\site-packages\groq\_base_client.py", line 1280, in post
    return cast(ResponseT, self.request(cast_to, opts, stream=stream, stream_cls=stream_cls))
                           ^^^^^^^^^^^^^^^^^^^^^^^^^^^^^^^^^^^^^^^^^^^^^^^^^^^^^^^^^^^^^^^^^
  File "C:\Users\Chinmay\Assistant\venv\Lib\site-packages\groq\_base_client.py", line 1067, in request
    raise self._make_status_error_from_response(err.response) from None
groq.BadRequestError: Error code: 400 - {'error': {'message': "'messages.2' : for 'role:assistant' the following must be satisfied[('messages.2.tool_calls.0.function.arguments' : value must be a string)]", 'type': 'invalid_request_error'}}
2026-04-17 15:15:00 - src.brain - INFO - [PERF] process_command took 17.00s
2026-04-17 15:15:33 - __main__ - INFO - Starting Personal Desktop Assistant (Local Ollama Brain)...
2026-04-17 15:15:33 - src.voice_engine - INFO - Voice engine initialized with edge-tts, pygame, and persistent event loop
2026-04-17 15:15:33 - src.brain - INFO - Using Groq API for LLM connection.
2026-04-17 15:15:33 - src.brain - INFO - Brain initialized — fast: qwen2.5-coder:7b, primary: qwen2.5-coder:14b
2026-04-17 15:15:34 - src.voice_engine - INFO - Calibrating ambient noise (background)...
2026-04-17 15:15:34 - src.gui - INFO - Assistant GUI initialized
2026-04-17 15:15:36 - src.voice_engine - INFO - Ambient noise calibrated. Energy threshold: 150
2026-04-17 15:15:40 - src.brain - INFO - [Fast Path] Opening: camera
2026-04-17 15:15:40 - src.system_controller - INFO - Opened camera (mapped to start microsoft.windows.camera:)
2026-04-17 15:15:40 - src.brain - INFO - [PERF] process_command took 0.01s
2026-04-17 15:15:40 - src.gui - INFO - Response is a status/path message, skipping TTS
2026-04-17 15:15:49 - src.brain - INFO - [Fast Path] Opening URL: youtube.com
2026-04-17 15:15:49 - src.system_controller - INFO - Opening URL: https://youtube.com
2026-04-17 15:15:49 - src.brain - INFO - [PERF] process_command took 0.01s
2026-04-17 15:15:49 - src.gui - INFO - Response is a status/path message, skipping TTS
2026-04-17 15:16:06 - src.brain - INFO - [Brain] Tool-calling loop iteration 1/10
2026-04-17 15:16:07 - src.brain - INFO - [PERF] process_command took 1.11s
2026-04-17 15:16:14 - src.brain - INFO - [Brain] Tool-calling loop iteration 1/10
2026-04-17 15:16:14 - src.brain - WARNING - LLM call failed (model=qwen2.5-coder:14b, attempt 1): Error code: 400 - {'error': {'message': "'messages.2' : for 'role:assistant' the following must be satisfied[('messages.2.tool_calls' : Value is not nullable)]", 'type': 'invalid_request_error'}}. Retrying in 1.0s...
2026-04-17 15:16:16 - src.brain - WARNING - LLM call failed (model=qwen2.5-coder:14b, attempt 2): Error code: 400 - {'error': {'message': "'messages.2' : for 'role:assistant' the following must be satisfied[('messages.2.tool_calls' : Value is not nullable)]", 'type': 'invalid_request_error'}}. Retrying in 2.0s...
2026-04-17 15:16:18 - src.brain - WARNING - LLM call failed (model=qwen2.5-coder:14b, attempt 3): Error code: 400 - {'error': {'message': "'messages.2' : for 'role:assistant' the following must be satisfied[('messages.2.tool_calls' : Value is not nullable)]", 'type': 'invalid_request_error'}}. Retrying in 4.0s...
2026-04-17 15:16:22 - src.brain - WARNING - All retries exhausted for model 'qwen2.5-coder:14b'. Trying fallback...
2026-04-17 15:16:22 - src.brain - WARNING - LLM call failed (model=qwen2.5-coder:7b, attempt 1): Error code: 400 - {'error': {'message': "'messages.2' : for 'role:assistant' the following must be satisfied[('messages.2.tool_calls' : Value is not nullable)]", 'type': 'invalid_request_error'}}. Retrying in 1.0s...
2026-04-17 15:16:24 - src.brain - WARNING - LLM call failed (model=qwen2.5-coder:7b, attempt 2): Error code: 400 - {'error': {'message': "'messages.2' : for 'role:assistant' the following must be satisfied[('messages.2.tool_calls' : Value is not nullable)]", 'type': 'invalid_request_error'}}. Retrying in 2.0s...
2026-04-17 15:16:26 - src.brain - WARNING - LLM call failed (model=qwen2.5-coder:7b, attempt 3): Error code: 400 - {'error': {'message': "'messages.2' : for 'role:assistant' the following must be satisfied[('messages.2.tool_calls' : Value is not nullable)]", 'type': 'invalid_request_error'}}. Retrying in 4.0s...
2026-04-17 15:16:30 - src.brain - WARNING - All retries exhausted for model 'qwen2.5-coder:7b'. Trying fallback...
2026-04-17 15:16:30 - src.brain - ERROR - Error processing command: Error code: 400 - {'error': {'message': "'messages.2' : for 'role:assistant' the following must be satisfied[('messages.2.tool_calls' : Value is not nullable)]", 'type': 'invalid_request_error'}}
Traceback (most recent call last):
  File "C:\Users\Chinmay\Assistant\src\brain.py", line 2013, in process_command
    response = self._call_llm_with_retry(model, self.messages, tools=self.tools)
               ^^^^^^^^^^^^^^^^^^^^^^^^^^^^^^^^^^^^^^^^^^^^^^^^^^^^^^^^^^^^^^^^^
  File "C:\Users\Chinmay\Assistant\src\brain.py", line 599, in _call_llm_with_retry
    raise last_error
  File "C:\Users\Chinmay\Assistant\src\brain.py", line 576, in _call_llm_with_retry
    return self._execute_groq_call(current_model, messages, tools)
           ^^^^^^^^^^^^^^^^^^^^^^^^^^^^^^^^^^^^^^^^^^^^^^^^^^^^^^^
  File "C:\Users\Chinmay\Assistant\src\brain.py", line 752, in _execute_groq_call
    raise e
  File "C:\Users\Chinmay\Assistant\src\brain.py", line 690, in _execute_groq_call
    response = client.chat.completions.create(**kwargs)
               ^^^^^^^^^^^^^^^^^^^^^^^^^^^^^^^^^^^^^^^^
  File "C:\Users\Chinmay\Assistant\venv\Lib\site-packages\groq\resources\chat\completions.py", line 461, in create
    return self._post(
           ^^^^^^^^^^^
  File "C:\Users\Chinmay\Assistant\venv\Lib\site-packages\groq\_base_client.py", line 1280, in post
    return cast(ResponseT, self.request(cast_to, opts, stream=stream, stream_cls=stream_cls))
                           ^^^^^^^^^^^^^^^^^^^^^^^^^^^^^^^^^^^^^^^^^^^^^^^^^^^^^^^^^^^^^^^^^
  File "C:\Users\Chinmay\Assistant\venv\Lib\site-packages\groq\_base_client.py", line 1067, in request
    raise self._make_status_error_from_response(err.response) from None
groq.BadRequestError: Error code: 400 - {'error': {'message': "'messages.2' : for 'role:assistant' the following must be satisfied[('messages.2.tool_calls' : Value is not nullable)]", 'type': 'invalid_request_error'}}
2026-04-17 15:16:30 - src.brain - INFO - [PERF] process_command took 16.03s
2026-04-17 15:16:44 - src.voice_engine - ERROR - Failed to speak: mixer not initialized
2026-04-17 23:28:40 - __main__ - INFO - Starting Personal Desktop Assistant (Local Ollama Brain)...
2026-04-17 23:28:41 - src.voice_engine - INFO - Voice engine initialized with edge-tts, pygame, and persistent event loop
2026-04-17 23:28:41 - src.brain - INFO - Using Groq API for LLM connection.
2026-04-17 23:28:41 - src.brain - INFO - Brain initialized — fast: qwen2.5-coder:7b, primary: qwen2.5-coder:14b
2026-04-17 23:28:42 - src.voice_engine - INFO - Calibrating ambient noise (background)...
2026-04-17 23:28:42 - src.gui - INFO - Assistant GUI initialized
2026-04-17 23:28:44 - src.voice_engine - INFO - Ambient noise calibrated. Energy threshold: 150
2026-04-17 23:29:01 - src.brain - INFO - [Brain] Conversational request detected — responding without tools
2026-04-17 23:29:02 - src.brain - INFO - [Brain] Groq token budget: input~389 + output 11111 = ~11500 (limit: 12000)
2026-04-17 23:29:02 - src.brain - INFO - [PERF] process_command took 1.17s
2026-04-17 23:29:18 - src.brain - INFO - [Brain] Tool-calling loop iteration 1/10
2026-04-17 23:29:30 - src.brain - INFO - [PERF] process_command took 12.90s
2026-04-17 23:30:19 - src.brain - INFO - [Brain] Creation request detected — routing directly to force-execute (bypassing tool loop)
2026-04-17 23:30:19 - src.brain - INFO - [Brain] Force-executing creation (bypassing tool loop)
2026-04-17 23:30:19 - src.brain - INFO - [Brain] Groq token budget: input~169 + output 11331 = ~11500 (limit: 12000)
2026-04-17 23:30:21 - src.brain - INFO - [Brain] Got code response (3658 chars)
2026-04-17 23:30:21 - src.system_controller - INFO - Created folder: C:\Users\Chinmay\Desktop\game-in-which-a-dog-has-to-collect-bones-to-win--the-snake
2026-04-17 23:30:21 - src.brain - INFO - [Brain] Created project folder: C:\Users\Chinmay\Desktop/game-in-which-a-dog-has-to-collect-bones-to-win--the-snake
2026-04-17 23:30:21 - src.system_controller - INFO - Wrote to file: C:\Users\Chinmay\Desktop\game-in-which-a-dog-has-to-collect-bones-to-win--the-snake\index.html (373 bytes, 361 chars)
2026-04-17 23:30:21 - src.brain - INFO - [Brain] Wrote (=== pattern): index.html (361 chars)
2026-04-17 23:30:21 - src.system_controller - INFO - Wrote to file: C:\Users\Chinmay\Desktop\game-in-which-a-dog-has-to-collect-bones-to-win--the-snake\style.css (124 bytes, 116 chars)
2026-04-17 23:30:21 - src.brain - INFO - [Brain] Wrote (=== pattern): style.css (116 chars)
2026-04-17 23:30:21 - src.system_controller - INFO - Wrote to file: C:\Users\Chinmay\Desktop\game-in-which-a-dog-has-to-collect-bones-to-win--the-snake\script.js (3204 bytes, 3104 chars)
2026-04-17 23:30:21 - src.brain - INFO - [Brain] Wrote (=== pattern): script.js (3104 chars)
2026-04-17 23:30:21 - src.brain - INFO - [PERF] process_command took 2.55s
2026-04-17 23:31:16 - src.brain - INFO - [Brain] Active project exists — routing to modification for 'C:\Users\Chinmay\Desktop/game-in-which-a-dog-has-to-collect-bones-to-win--the-snake'
2026-04-17 23:31:16 - src.brain - INFO - [Brain] Force-executing modification on 'C:\Users\Chinmay\Desktop/game-in-which-a-dog-has-to-collect-bones-to-win--the-snake'
2026-04-17 23:31:16 - src.system_controller - INFO - Read file: C:\Users\Chinmay\Desktop\game-in-which-a-dog-has-to-collect-bones-to-win--the-snake\index.html (361 chars)
2026-04-17 23:31:16 - src.system_controller - INFO - Read file: C:\Users\Chinmay\Desktop\game-in-which-a-dog-has-to-collect-bones-to-win--the-snake\script.js (3104 chars)
2026-04-17 23:31:16 - src.system_controller - INFO - Read file: C:\Users\Chinmay\Desktop\game-in-which-a-dog-has-to-collect-bones-to-win--the-snake\style.css (116 chars)
2026-04-17 23:31:16 - src.brain - INFO - [Brain] Groq token budget: input~1091 + output 10409 = ~11500 (limit: 12000)
2026-04-17 23:31:20 - src.system_controller - INFO - Wrote to file: C:\Users\Chinmay\Desktop\game-in-which-a-dog-has-to-collect-bones-to-win--the-snake\index.html (373 bytes, 361 chars)
2026-04-17 23:31:20 - src.brain - INFO - [Brain] Wrote (=== pattern): index.html (361 chars)
2026-04-17 23:31:20 - src.system_controller - INFO - Wrote to file: C:\Users\Chinmay\Desktop\game-in-which-a-dog-has-to-collect-bones-to-win--the-snake\script.js (3377 bytes, 3273 chars)
2026-04-17 23:31:20 - src.brain - INFO - [Brain] Wrote (=== pattern): script.js (3273 chars)
2026-04-17 23:31:20 - src.system_controller - INFO - Wrote to file: C:\Users\Chinmay\Desktop\game-in-which-a-dog-has-to-collect-bones-to-win--the-snake\style.css (124 bytes, 116 chars)
2026-04-17 23:31:20 - src.brain - INFO - [Brain] Wrote (=== pattern): style.css (116 chars)
2026-04-17 23:31:20 - src.brain - INFO - [PERF] process_command took 4.33s
2026-04-17 23:32:22 - src.brain - INFO - [Brain] Active project exists — routing to modification for 'C:\Users\Chinmay\Desktop/game-in-which-a-dog-has-to-collect-bones-to-win--the-snake'
2026-04-17 23:32:22 - src.brain - INFO - [Brain] Force-executing modification on 'C:\Users\Chinmay\Desktop/game-in-which-a-dog-has-to-collect-bones-to-win--the-snake'
2026-04-17 23:32:22 - src.system_controller - INFO - Read file: C:\Users\Chinmay\Desktop\game-in-which-a-dog-has-to-collect-bones-to-win--the-snake\index.html (361 chars)
2026-04-17 23:32:22 - src.system_controller - INFO - Read file: C:\Users\Chinmay\Desktop\game-in-which-a-dog-has-to-collect-bones-to-win--the-snake\script.js (3273 chars)
2026-04-17 23:32:22 - src.system_controller - INFO - Read file: C:\Users\Chinmay\Desktop\game-in-which-a-dog-has-to-collect-bones-to-win--the-snake\style.css (116 chars)
2026-04-17 23:32:23 - src.brain - INFO - [Brain] Groq token budget: input~1142 + output 10358 = ~11500 (limit: 12000)
2026-04-17 23:32:25 - src.system_controller - INFO - Wrote to file: C:\Users\Chinmay\Desktop\game-in-which-a-dog-has-to-collect-bones-to-win--the-snake\index.html (373 bytes, 361 chars)
2026-04-17 23:32:25 - src.brain - INFO - [Brain] Wrote (=== pattern): index.html (361 chars)
2026-04-17 23:32:25 - src.system_controller - INFO - Wrote to file: C:\Users\Chinmay\Desktop\game-in-which-a-dog-has-to-collect-bones-to-win--the-snake\script.js (3468 bytes, 3359 chars)
2026-04-17 23:32:25 - src.brain - INFO - [Brain] Wrote (=== pattern): script.js (3359 chars)
2026-04-17 23:32:25 - src.system_controller - INFO - Wrote to file: C:\Users\Chinmay\Desktop\game-in-which-a-dog-has-to-collect-bones-to-win--the-snake\style.css (124 bytes, 116 chars)
2026-04-17 23:32:25 - src.brain - INFO - [Brain] Wrote (=== pattern): style.css (116 chars)
2026-04-17 23:32:25 - src.brain - INFO - [PERF] process_command took 2.59s
2026-04-17 23:33:02 - src.brain - INFO - [Brain] Active project exists — routing to modification for 'C:\Users\Chinmay\Desktop/game-in-which-a-dog-has-to-collect-bones-to-win--the-snake'
2026-04-17 23:33:02 - src.brain - INFO - [Brain] Force-executing modification on 'C:\Users\Chinmay\Desktop/game-in-which-a-dog-has-to-collect-bones-to-win--the-snake'
2026-04-17 23:33:02 - src.system_controller - INFO - Read file: C:\Users\Chinmay\Desktop\game-in-which-a-dog-has-to-collect-bones-to-win--the-snake\index.html (361 chars)
2026-04-17 23:33:02 - src.system_controller - INFO - Read file: C:\Users\Chinmay\Desktop\game-in-which-a-dog-has-to-collect-bones-to-win--the-snake\script.js (3359 chars)
2026-04-17 23:33:02 - src.system_controller - INFO - Read file: C:\Users\Chinmay\Desktop\game-in-which-a-dog-has-to-collect-bones-to-win--the-snake\style.css (116 chars)
2026-04-17 23:33:02 - src.brain - INFO - [Brain] Groq token budget: input~1147 + output 10353 = ~11500 (limit: 12000)
2026-04-17 23:33:05 - src.system_controller - INFO - Wrote to file: C:\Users\Chinmay\Desktop\game-in-which-a-dog-has-to-collect-bones-to-win--the-snake\index.html (348 bytes, 336 chars)
2026-04-17 23:33:05 - src.brain - INFO - [Brain] Wrote (=== pattern): index.html (336 chars)
2026-04-17 23:33:05 - src.system_controller - INFO - Wrote to file: C:\Users\Chinmay\Desktop\game-in-which-a-dog-has-to-collect-bones-to-win--the-snake\script.js (3853 bytes, 3724 chars)
2026-04-17 23:33:05 - src.brain - INFO - [Brain] Wrote (=== pattern): script.js (3724 chars)
2026-04-17 23:33:05 - src.system_controller - INFO - Wrote to file: C:\Users\Chinmay\Desktop\game-in-which-a-dog-has-to-collect-bones-to-win--the-snake\style.css (113 bytes, 105 chars)
2026-04-17 23:33:05 - src.brain - INFO - [Brain] Wrote (=== pattern): style.css (105 chars)
2026-04-17 23:33:05 - src.brain - INFO - [PERF] process_command took 2.68s
2026-04-17 23:33:41 - src.brain - INFO - [Brain] Active project exists — routing to modification for 'C:\Users\Chinmay\Desktop/game-in-which-a-dog-has-to-collect-bones-to-win--the-snake'
2026-04-17 23:33:41 - src.brain - INFO - [Brain] Force-executing modification on 'C:\Users\Chinmay\Desktop/game-in-which-a-dog-has-to-collect-bones-to-win--the-snake'
2026-04-17 23:33:41 - src.system_controller - INFO - Read file: C:\Users\Chinmay\Desktop\game-in-which-a-dog-has-to-collect-bones-to-win--the-snake\index.html (336 chars)
2026-04-17 23:33:41 - src.system_controller - INFO - Read file: C:\Users\Chinmay\Desktop\game-in-which-a-dog-has-to-collect-bones-to-win--the-snake\script.js (3724 chars)
2026-04-17 23:33:41 - src.system_controller - INFO - Read file: C:\Users\Chinmay\Desktop\game-in-which-a-dog-has-to-collect-bones-to-win--the-snake\style.css (105 chars)
2026-04-17 23:33:41 - src.brain - INFO - [Brain] Groq token budget: input~1234 + output 10266 = ~11500 (limit: 12000)
2026-04-17 23:33:44 - src.system_controller - INFO - Wrote to file: C:\Users\Chinmay\Desktop\game-in-which-a-dog-has-to-collect-bones-to-win--the-snake\index.html (348 bytes, 336 chars)
2026-04-17 23:33:44 - src.brain - INFO - [Brain] Wrote (=== pattern): index.html (336 chars)
2026-04-17 23:33:44 - src.system_controller - INFO - Wrote to file: C:\Users\Chinmay\Desktop\game-in-which-a-dog-has-to-collect-bones-to-win--the-snake\script.js (3806 bytes, 3677 chars)
2026-04-17 23:33:44 - src.brain - INFO - [Brain] Wrote (=== pattern): script.js (3677 chars)
2026-04-17 23:33:44 - src.system_controller - INFO - Wrote to file: C:\Users\Chinmay\Desktop\game-in-which-a-dog-has-to-collect-bones-to-win--the-snake\style.css (113 bytes, 105 chars)
2026-04-17 23:33:44 - src.brain - INFO - [Brain] Wrote (=== pattern): style.css (105 chars)
2026-04-17 23:33:44 - src.brain - INFO - [PERF] process_command took 2.59s
2026-04-17 23:34:20 - src.brain - INFO - [Brain] Active project exists — routing to modification for 'C:\Users\Chinmay\Desktop/game-in-which-a-dog-has-to-collect-bones-to-win--the-snake'
2026-04-17 23:34:20 - src.brain - INFO - [Brain] Force-executing modification on 'C:\Users\Chinmay\Desktop/game-in-which-a-dog-has-to-collect-bones-to-win--the-snake'
2026-04-17 23:34:20 - src.system_controller - INFO - Read file: C:\Users\Chinmay\Desktop\game-in-which-a-dog-has-to-collect-bones-to-win--the-snake\index.html (336 chars)
2026-04-17 23:34:20 - src.system_controller - INFO - Read file: C:\Users\Chinmay\Desktop\game-in-which-a-dog-has-to-collect-bones-to-win--the-snake\script.js (3677 chars)
2026-04-17 23:34:20 - src.system_controller - INFO - Read file: C:\Users\Chinmay\Desktop\game-in-which-a-dog-has-to-collect-bones-to-win--the-snake\style.css (105 chars)
2026-04-17 23:34:20 - src.brain - INFO - [Brain] Groq token budget: input~1213 + output 10287 = ~11500 (limit: 12000)
2026-04-17 23:34:23 - src.system_controller - INFO - Wrote to file: C:\Users\Chinmay\Desktop\game-in-which-a-dog-has-to-collect-bones-to-win--the-snake\index.html (348 bytes, 336 chars)
2026-04-17 23:34:23 - src.brain - INFO - [Brain] Wrote (=== pattern): index.html (336 chars)
2026-04-17 23:34:23 - src.system_controller - INFO - Wrote to file: C:\Users\Chinmay\Desktop\game-in-which-a-dog-has-to-collect-bones-to-win--the-snake\script.js (3710 bytes, 3585 chars)
2026-04-17 23:34:23 - src.brain - INFO - [Brain] Wrote (=== pattern): script.js (3585 chars)
2026-04-17 23:34:23 - src.system_controller - INFO - Wrote to file: C:\Users\Chinmay\Desktop\game-in-which-a-dog-has-to-collect-bones-to-win--the-snake\style.css (113 bytes, 105 chars)
2026-04-17 23:34:23 - src.brain - INFO - [Brain] Wrote (=== pattern): style.css (105 chars)
2026-04-17 23:34:23 - src.brain - INFO - [PERF] process_command took 3.05s
2026-04-17 23:34:38 - src.brain - INFO - [Brain] Active project exists — routing to modification for 'C:\Users\Chinmay\Desktop/game-in-which-a-dog-has-to-collect-bones-to-win--the-snake'
2026-04-17 23:34:38 - src.brain - INFO - [Brain] Force-executing modification on 'C:\Users\Chinmay\Desktop/game-in-which-a-dog-has-to-collect-bones-to-win--the-snake'
2026-04-17 23:34:38 - src.system_controller - INFO - Read file: C:\Users\Chinmay\Desktop\game-in-which-a-dog-has-to-collect-bones-to-win--the-snake\index.html (336 chars)
2026-04-17 23:34:38 - src.system_controller - INFO - Read file: C:\Users\Chinmay\Desktop\game-in-which-a-dog-has-to-collect-bones-to-win--the-snake\script.js (3585 chars)
2026-04-17 23:34:38 - src.system_controller - INFO - Read file: C:\Users\Chinmay\Desktop\game-in-which-a-dog-has-to-collect-bones-to-win--the-snake\style.css (105 chars)
2026-04-17 23:34:38 - src.brain - INFO - [Brain] Groq token budget: input~1184 + output 10316 = ~11500 (limit: 12000)
2026-04-17 23:34:42 - src.system_controller - INFO - Wrote to file: C:\Users\Chinmay\Desktop\game-in-which-a-dog-has-to-collect-bones-to-win--the-snake\index.html (348 bytes, 336 chars)
2026-04-17 23:34:42 - src.brain - INFO - [Brain] Wrote (=== pattern): index.html (336 chars)
2026-04-17 23:34:42 - src.system_controller - INFO - Wrote to file: C:\Users\Chinmay\Desktop\game-in-which-a-dog-has-to-collect-bones-to-win--the-snake\script.js (3854 bytes, 3729 chars)
2026-04-17 23:34:42 - src.brain - INFO - [Brain] Wrote (=== pattern): script.js (3729 chars)
2026-04-17 23:34:42 - src.system_controller - INFO - Wrote to file: C:\Users\Chinmay\Desktop\game-in-which-a-dog-has-to-collect-bones-to-win--the-snake\style.css (113 bytes, 105 chars)
2026-04-17 23:34:42 - src.brain - INFO - [Brain] Wrote (=== pattern): style.css (105 chars)
2026-04-17 23:34:42 - src.brain - INFO - [PERF] process_command took 4.01s
2026-04-17 23:35:28 - src.brain - INFO - [Brain] Active project exists — routing to modification for 'C:\Users\Chinmay\Desktop/game-in-which-a-dog-has-to-collect-bones-to-win--the-snake'
2026-04-17 23:35:28 - src.brain - INFO - [Brain] Force-executing modification on 'C:\Users\Chinmay\Desktop/game-in-which-a-dog-has-to-collect-bones-to-win--the-snake'
2026-04-17 23:35:28 - src.system_controller - INFO - Read file: C:\Users\Chinmay\Desktop\game-in-which-a-dog-has-to-collect-bones-to-win--the-snake\index.html (336 chars)
2026-04-17 23:35:28 - src.system_controller - INFO - Read file: C:\Users\Chinmay\Desktop\game-in-which-a-dog-has-to-collect-bones-to-win--the-snake\script.js (3729 chars)
2026-04-17 23:35:28 - src.system_controller - INFO - Read file: C:\Users\Chinmay\Desktop\game-in-which-a-dog-has-to-collect-bones-to-win--the-snake\style.css (105 chars)
2026-04-17 23:35:28 - src.brain - INFO - [Brain] Groq token budget: input~1241 + output 10259 = ~11500 (limit: 12000)
2026-04-17 23:35:31 - src.system_controller - INFO - Wrote to file: C:\Users\Chinmay\Desktop\game-in-which-a-dog-has-to-collect-bones-to-win--the-snake\index.html (348 bytes, 336 chars)
2026-04-17 23:35:31 - src.brain - INFO - [Brain] Wrote (=== pattern): index.html (336 chars)
2026-04-17 23:35:31 - src.system_controller - INFO - Wrote to file: C:\Users\Chinmay\Desktop\game-in-which-a-dog-has-to-collect-bones-to-win--the-snake\script.js (4192 bytes, 4058 chars)
2026-04-17 23:35:31 - src.brain - INFO - [Brain] Wrote (=== pattern): script.js (4058 chars)
2026-04-17 23:35:31 - src.system_controller - INFO - Wrote to file: C:\Users\Chinmay\Desktop\game-in-which-a-dog-has-to-collect-bones-to-win--the-snake\style.css (113 bytes, 105 chars)
2026-04-17 23:35:31 - src.brain - INFO - [Brain] Wrote (=== pattern): style.css (105 chars)
2026-04-17 23:35:31 - src.brain - INFO - [PERF] process_command took 2.71s
2026-04-17 23:36:14 - src.brain - INFO - [Brain] Active project exists — routing to modification for 'C:\Users\Chinmay\Desktop/game-in-which-a-dog-has-to-collect-bones-to-win--the-snake'
2026-04-17 23:36:14 - src.brain - INFO - [Brain] Force-executing modification on 'C:\Users\Chinmay\Desktop/game-in-which-a-dog-has-to-collect-bones-to-win--the-snake'
2026-04-17 23:36:14 - src.system_controller - INFO - Read file: C:\Users\Chinmay\Desktop\game-in-which-a-dog-has-to-collect-bones-to-win--the-snake\index.html (336 chars)
2026-04-17 23:36:14 - src.system_controller - INFO - Read file: C:\Users\Chinmay\Desktop\game-in-which-a-dog-has-to-collect-bones-to-win--the-snake\script.js (4058 chars)
2026-04-17 23:36:14 - src.system_controller - INFO - Read file: C:\Users\Chinmay\Desktop\game-in-which-a-dog-has-to-collect-bones-to-win--the-snake\style.css (105 chars)
2026-04-17 23:36:14 - src.brain - INFO - [Brain] Groq token budget: input~1313 + output 10187 = ~11500 (limit: 12000)
2026-04-17 23:36:17 - src.system_controller - INFO - Wrote to file: C:\Users\Chinmay\Desktop\game-in-which-a-dog-has-to-collect-bones-to-win--the-snake\index.html (348 bytes, 336 chars)
2026-04-17 23:36:17 - src.brain - INFO - [Brain] Wrote (=== pattern): index.html (336 chars)
2026-04-17 23:36:17 - src.system_controller - INFO - Wrote to file: C:\Users\Chinmay\Desktop\game-in-which-a-dog-has-to-collect-bones-to-win--the-snake\script.js (4276 bytes, 4141 chars)
2026-04-17 23:36:17 - src.brain - INFO - [Brain] Wrote (=== pattern): script.js (4141 chars)
2026-04-17 23:36:17 - src.system_controller - INFO - Wrote to file: C:\Users\Chinmay\Desktop\game-in-which-a-dog-has-to-collect-bones-to-win--the-snake\style.css (113 bytes, 105 chars)
2026-04-17 23:36:17 - src.brain - INFO - [Brain] Wrote (=== pattern): style.css (105 chars)
2026-04-17 23:36:17 - src.brain - INFO - [PERF] process_command took 2.58s
2026-04-17 23:36:32 - src.brain - INFO - [Brain] Active project exists — routing to modification for 'C:\Users\Chinmay\Desktop/game-in-which-a-dog-has-to-collect-bones-to-win--the-snake'
2026-04-17 23:36:32 - src.brain - INFO - [Brain] Force-executing modification on 'C:\Users\Chinmay\Desktop/game-in-which-a-dog-has-to-collect-bones-to-win--the-snake'
2026-04-17 23:36:32 - src.system_controller - INFO - Read file: C:\Users\Chinmay\Desktop\game-in-which-a-dog-has-to-collect-bones-to-win--the-snake\index.html (336 chars)
2026-04-17 23:36:33 - src.system_controller - INFO - Read file: C:\Users\Chinmay\Desktop\game-in-which-a-dog-has-to-collect-bones-to-win--the-snake\script.js (4141 chars)
2026-04-17 23:36:33 - src.system_controller - INFO - Read file: C:\Users\Chinmay\Desktop\game-in-which-a-dog-has-to-collect-bones-to-win--the-snake\style.css (105 chars)
2026-04-17 23:36:33 - src.brain - INFO - [Brain] Groq token budget: input~1323 + output 10177 = ~11500 (limit: 12000)
2026-04-17 23:36:35 - src.system_controller - INFO - Wrote to file: C:\Users\Chinmay\Desktop\game-in-which-a-dog-has-to-collect-bones-to-win--the-snake\index.html (348 bytes, 336 chars)
2026-04-17 23:36:35 - src.brain - INFO - [Brain] Wrote (=== pattern): index.html (336 chars)
2026-04-17 23:36:35 - src.system_controller - INFO - Wrote to file: C:\Users\Chinmay\Desktop\game-in-which-a-dog-has-to-collect-bones-to-win--the-snake\script.js (4276 bytes, 4141 chars)
2026-04-17 23:36:35 - src.brain - INFO - [Brain] Wrote (=== pattern): script.js (4141 chars)
2026-04-17 23:36:35 - src.system_controller - INFO - Wrote to file: C:\Users\Chinmay\Desktop\game-in-which-a-dog-has-to-collect-bones-to-win--the-snake\style.css (113 bytes, 105 chars)
2026-04-17 23:36:35 - src.brain - INFO - [Brain] Wrote (=== pattern): style.css (105 chars)
2026-04-17 23:36:35 - src.brain - INFO - [PERF] process_command took 2.79s
2026-04-17 23:37:03 - src.brain - INFO - [Brain] Active project exists — routing to modification for 'C:\Users\Chinmay\Desktop/game-in-which-a-dog-has-to-collect-bones-to-win--the-snake'
2026-04-17 23:37:03 - src.brain - INFO - [Brain] Force-executing modification on 'C:\Users\Chinmay\Desktop/game-in-which-a-dog-has-to-collect-bones-to-win--the-snake'
2026-04-17 23:37:03 - src.system_controller - INFO - Read file: C:\Users\Chinmay\Desktop\game-in-which-a-dog-has-to-collect-bones-to-win--the-snake\index.html (336 chars)
2026-04-17 23:37:03 - src.system_controller - INFO - Read file: C:\Users\Chinmay\Desktop\game-in-which-a-dog-has-to-collect-bones-to-win--the-snake\script.js (4141 chars)
2026-04-17 23:37:03 - src.system_controller - INFO - Read file: C:\Users\Chinmay\Desktop\game-in-which-a-dog-has-to-collect-bones-to-win--the-snake\style.css (105 chars)
2026-04-17 23:37:03 - src.brain - INFO - [Brain] Groq token budget: input~1331 + output 10169 = ~11500 (limit: 12000)
2026-04-17 23:37:06 - src.system_controller - INFO - Wrote to file: C:\Users\Chinmay\Desktop\game-in-which-a-dog-has-to-collect-bones-to-win--the-snake\index.html (348 bytes, 336 chars)
2026-04-17 23:37:06 - src.brain - INFO - [Brain] Wrote (=== pattern): index.html (336 chars)
2026-04-17 23:37:06 - src.system_controller - INFO - Wrote to file: C:\Users\Chinmay\Desktop\game-in-which-a-dog-has-to-collect-bones-to-win--the-snake\script.js (4276 bytes, 4141 chars)
2026-04-17 23:37:06 - src.brain - INFO - [Brain] Wrote (=== pattern): script.js (4141 chars)
2026-04-17 23:37:06 - src.system_controller - INFO - Wrote to file: C:\Users\Chinmay\Desktop\game-in-which-a-dog-has-to-collect-bones-to-win--the-snake\style.css (113 bytes, 105 chars)
2026-04-17 23:37:06 - src.brain - INFO - [Brain] Wrote (=== pattern): style.css (105 chars)
2026-04-17 23:37:06 - src.brain - INFO - [PERF] process_command took 3.38s
2026-04-17 23:37:15 - src.utils.conversation_manager - INFO - Conversation saved to C:\Users\Chinmay\Assistant\conversations\conversation_20260417_233715.json
2026-04-17 23:37:15 - src.brain - INFO - Conversation saved to C:\Users\Chinmay\Assistant\conversations\conversation_20260417_233715.json
2026-04-17 23:37:20 - src.gui - INFO - Conversation saved via GUI: C:\Users\Chinmay\Assistant\conversations\conversation_20260417_233715.json
2026-04-17 23:37:25 - src.utils.conversation_manager - INFO - Loaded conversation with 27 messages from C:/Users/Chinmay/Assistant/conversations/conversation_20260417_233715.json
2026-04-17 23:37:25 - src.brain - INFO - Loaded conversation from C:/Users/Chinmay/Assistant/conversations/conversation_20260417_233715.json
2026-04-17 23:37:26 - src.gui - INFO - Conversation loaded via GUI: C:/Users/Chinmay/Assistant/conversations/conversation_20260417_233715.json
2026-04-17 23:37:43 - src.brain - INFO - [Brain] Active project exists — routing to modification for 'C:\Users\Chinmay\Desktop/game-in-which-a-dog-has-to-collect-bones-to-win--the-snake'
2026-04-17 23:37:43 - src.brain - INFO - [Brain] Force-executing modification on 'C:\Users\Chinmay\Desktop/game-in-which-a-dog-has-to-collect-bones-to-win--the-snake'
2026-04-17 23:37:43 - src.system_controller - INFO - Read file: C:\Users\Chinmay\Desktop\game-in-which-a-dog-has-to-collect-bones-to-win--the-snake\index.html (336 chars)
2026-04-17 23:37:43 - src.system_controller - INFO - Read file: C:\Users\Chinmay\Desktop\game-in-which-a-dog-has-to-collect-bones-to-win--the-snake\script.js (4141 chars)
2026-04-17 23:37:43 - src.system_controller - INFO - Read file: C:\Users\Chinmay\Desktop\game-in-which-a-dog-has-to-collect-bones-to-win--the-snake\style.css (105 chars)
2026-04-17 23:37:43 - src.brain - INFO - [Brain] Groq token budget: input~1320 + output 10180 = ~11500 (limit: 12000)
2026-04-17 23:37:46 - src.system_controller - INFO - Wrote to file: C:\Users\Chinmay\Desktop\game-in-which-a-dog-has-to-collect-bones-to-win--the-snake\index.html (348 bytes, 336 chars)
2026-04-17 23:37:46 - src.brain - INFO - [Brain] Wrote (=== pattern): index.html (336 chars)
2026-04-17 23:37:46 - src.system_controller - INFO - Wrote to file: C:\Users\Chinmay\Desktop\game-in-which-a-dog-has-to-collect-bones-to-win--the-snake\script.js (4276 bytes, 4141 chars)
2026-04-17 23:37:46 - src.brain - INFO - [Brain] Wrote (=== pattern): script.js (4141 chars)
2026-04-17 23:37:46 - src.system_controller - INFO - Wrote to file: C:\Users\Chinmay\Desktop\game-in-which-a-dog-has-to-collect-bones-to-win--the-snake\style.css (113 bytes, 105 chars)
2026-04-17 23:37:46 - src.brain - INFO - [Brain] Wrote (=== pattern): style.css (105 chars)
2026-04-17 23:37:46 - src.brain - INFO - [PERF] process_command took 3.01s
2026-04-17 23:38:08 - src.brain - INFO - [Brain] New project 'chrom-dinosaur' requested (different from 'game-in-which-a-dog-has-to-collect-bones-to-win--the-snake')
2026-04-17 23:38:08 - src.brain - INFO - [Brain] Creation request detected — routing directly to force-execute (bypassing tool loop)
2026-04-17 23:38:08 - src.brain - INFO - [Brain] Force-executing creation (bypassing tool loop)
2026-04-17 23:38:08 - src.brain - INFO - [Brain] Groq token budget: input~157 + output 11343 = ~11500 (limit: 12000)
2026-04-17 23:38:11 - src.brain - INFO - [Brain] Got code response (3027 chars)
2026-04-17 23:38:11 - src.system_controller - INFO - Created folder: C:\Users\Chinmay\Desktop\chrom-dinosaur
2026-04-17 23:38:11 - src.brain - INFO - [Brain] Created project folder: C:\Users\Chinmay\Desktop/chrom-dinosaur
2026-04-17 23:38:11 - src.system_controller - INFO - Wrote to file: C:\Users\Chinmay\Desktop\chrom-dinosaur\index.html (360 bytes, 348 chars)
2026-04-17 23:38:11 - src.brain - INFO - [Brain] Wrote (=== pattern): index.html (348 chars)
2026-04-17 23:38:11 - src.system_controller - INFO - Wrote to file: C:\Users\Chinmay\Desktop\chrom-dinosaur\style.css (108 bytes, 101 chars)
2026-04-17 23:38:11 - src.brain - INFO - [Brain] Wrote (=== pattern): style.css (101 chars)
2026-04-17 23:38:11 - src.system_controller - INFO - Wrote to file: C:\Users\Chinmay\Desktop\chrom-dinosaur\script.js (2617 bytes, 2501 chars)
2026-04-17 23:38:11 - src.brain - INFO - [Brain] Wrote (=== pattern): script.js (2501 chars)
2026-04-17 23:38:11 - src.brain - INFO - [PERF] process_command took 3.33s
2026-04-17 23:38:54 - src.brain - INFO - [Brain] Fix-mode detected — will inject read-first directive
2026-04-17 23:38:54 - src.brain - INFO - [Brain] Active project exists — routing to modification for 'C:\Users\Chinmay\Desktop/chrom-dinosaur'
2026-04-17 23:38:54 - src.brain - INFO - [Brain] Force-executing modification on 'C:\Users\Chinmay\Desktop/chrom-dinosaur'
2026-04-17 23:38:54 - src.system_controller - INFO - Read file: C:\Users\Chinmay\Desktop\chrom-dinosaur\index.html (348 chars)
2026-04-17 23:38:54 - src.system_controller - INFO - Read file: C:\Users\Chinmay\Desktop\chrom-dinosaur\script.js (2501 chars)
2026-04-17 23:38:54 - src.system_controller - INFO - Read file: C:\Users\Chinmay\Desktop\chrom-dinosaur\style.css (101 chars)
2026-04-17 23:38:55 - src.brain - INFO - [Brain] Groq token budget: input~928 + output 10572 = ~11500 (limit: 12000)
2026-04-17 23:38:57 - src.system_controller - INFO - Wrote to file: C:\Users\Chinmay\Desktop\chrom-dinosaur\index.html (360 bytes, 348 chars)
2026-04-17 23:38:57 - src.brain - INFO - [Brain] Wrote (=== pattern): index.html (348 chars)
2026-04-17 23:38:57 - src.system_controller - INFO - Wrote to file: C:\Users\Chinmay\Desktop\chrom-dinosaur\script.js (2814 bytes, 2693 chars)
2026-04-17 23:38:57 - src.brain - INFO - [Brain] Wrote (=== pattern): script.js (2693 chars)
2026-04-17 23:38:57 - src.system_controller - INFO - Wrote to file: C:\Users\Chinmay\Desktop\chrom-dinosaur\style.css (108 bytes, 101 chars)
2026-04-17 23:38:57 - src.brain - INFO - [Brain] Wrote (=== pattern): style.css (101 chars)
2026-04-17 23:38:57 - src.brain - INFO - [PERF] process_command took 2.90s
2026-04-17 23:44:12 - src.brain - INFO - [Brain] Active project exists — routing to modification for 'C:\Users\Chinmay\Desktop/chrom-dinosaur'
2026-04-17 23:44:12 - src.brain - INFO - [Brain] Force-executing modification on 'C:\Users\Chinmay\Desktop/chrom-dinosaur'
2026-04-17 23:44:12 - src.system_controller - INFO - Read file: C:\Users\Chinmay\Desktop\chrom-dinosaur\index.html (348 chars)
2026-04-17 23:44:12 - src.system_controller - INFO - Read file: C:\Users\Chinmay\Desktop\chrom-dinosaur\script.js (2693 chars)
2026-04-17 23:44:12 - src.system_controller - INFO - Read file: C:\Users\Chinmay\Desktop\chrom-dinosaur\style.css (101 chars)
2026-04-17 23:44:12 - src.brain - INFO - [Brain] Groq token budget: input~969 + output 10531 = ~11500 (limit: 12000)
2026-04-17 23:44:14 - src.system_controller - INFO - Wrote to file: C:\Users\Chinmay\Desktop\chrom-dinosaur\index.html (360 bytes, 348 chars)
2026-04-17 23:44:14 - src.brain - INFO - [Brain] Wrote (=== pattern): index.html (348 chars)
2026-04-17 23:44:14 - src.system_controller - INFO - Wrote to file: C:\Users\Chinmay\Desktop\chrom-dinosaur\script.js (2814 bytes, 2693 chars)
2026-04-17 23:44:14 - src.brain - INFO - [Brain] Wrote (=== pattern): script.js (2693 chars)
2026-04-17 23:44:14 - src.system_controller - INFO - Wrote to file: C:\Users\Chinmay\Desktop\chrom-dinosaur\style.css (108 bytes, 101 chars)
2026-04-17 23:44:14 - src.brain - INFO - [Brain] Wrote (=== pattern): style.css (101 chars)
2026-04-17 23:44:14 - src.brain - INFO - [PERF] process_command took 1.98s
2026-04-17 23:44:49 - src.brain - INFO - [Brain] Active project exists — routing to modification for 'C:\Users\Chinmay\Desktop/chrom-dinosaur'
2026-04-17 23:44:49 - src.brain - INFO - [Brain] Force-executing modification on 'C:\Users\Chinmay\Desktop/chrom-dinosaur'
2026-04-17 23:44:49 - src.system_controller - INFO - Read file: C:\Users\Chinmay\Desktop\chrom-dinosaur\index.html (348 chars)
2026-04-17 23:44:49 - src.system_controller - INFO - Read file: C:\Users\Chinmay\Desktop\chrom-dinosaur\script.js (2693 chars)
2026-04-17 23:44:49 - src.system_controller - INFO - Read file: C:\Users\Chinmay\Desktop\chrom-dinosaur\style.css (101 chars)
2026-04-17 23:44:49 - src.brain - INFO - [Brain] Groq token budget: input~971 + output 10529 = ~11500 (limit: 12000)
2026-04-17 23:44:51 - src.system_controller - INFO - Wrote to file: C:\Users\Chinmay\Desktop\chrom-dinosaur\index.html (360 bytes, 348 chars)
2026-04-17 23:44:51 - src.brain - INFO - [Brain] Wrote (=== pattern): index.html (348 chars)
2026-04-17 23:44:51 - src.system_controller - INFO - Wrote to file: C:\Users\Chinmay\Desktop\chrom-dinosaur\script.js (2979 bytes, 2855 chars)
2026-04-17 23:44:51 - src.brain - INFO - [Brain] Wrote (=== pattern): script.js (2855 chars)
2026-04-17 23:44:51 - src.system_controller - INFO - Wrote to file: C:\Users\Chinmay\Desktop\chrom-dinosaur\style.css (108 bytes, 101 chars)
2026-04-17 23:44:51 - src.brain - INFO - [Brain] Wrote (=== pattern): style.css (101 chars)
2026-04-17 23:44:51 - src.brain - INFO - [PERF] process_command took 2.05s
2026-04-17 23:45:25 - src.brain - INFO - [Brain] Active project exists — routing to modification for 'C:\Users\Chinmay\Desktop/chrom-dinosaur'
2026-04-17 23:45:25 - src.brain - INFO - [Brain] Force-executing modification on 'C:\Users\Chinmay\Desktop/chrom-dinosaur'
2026-04-17 23:45:25 - src.system_controller - INFO - Read file: C:\Users\Chinmay\Desktop\chrom-dinosaur\index.html (348 chars)
2026-04-17 23:45:25 - src.system_controller - INFO - Read file: C:\Users\Chinmay\Desktop\chrom-dinosaur\script.js (2855 chars)
2026-04-17 23:45:25 - src.system_controller - INFO - Read file: C:\Users\Chinmay\Desktop\chrom-dinosaur\style.css (101 chars)
2026-04-17 23:45:25 - src.brain - INFO - [Brain] Groq token budget: input~1003 + output 10497 = ~11500 (limit: 12000)
2026-04-17 23:45:28 - src.system_controller - INFO - Wrote to file: C:\Users\Chinmay\Desktop\chrom-dinosaur\index.html (360 bytes, 348 chars)
2026-04-17 23:45:28 - src.brain - INFO - [Brain] Wrote (=== pattern): index.html (348 chars)
2026-04-17 23:45:28 - src.system_controller - INFO - Wrote to file: C:\Users\Chinmay\Desktop\chrom-dinosaur\script.js (3046 bytes, 2922 chars)
2026-04-17 23:45:28 - src.brain - INFO - [Brain] Wrote (=== pattern): script.js (2922 chars)
2026-04-17 23:45:28 - src.system_controller - INFO - Wrote to file: C:\Users\Chinmay\Desktop\chrom-dinosaur\style.css (108 bytes, 101 chars)
2026-04-17 23:45:28 - src.brain - INFO - [Brain] Wrote (=== pattern): style.css (101 chars)
2026-04-17 23:45:28 - src.brain - INFO - [PERF] process_command took 3.07s
2026-04-17 23:48:17 - __main__ - INFO - Starting Personal Desktop Assistant (Local Ollama Brain)...
2026-04-17 23:48:17 - src.voice_engine - INFO - Voice engine initialized with edge-tts, pygame, and persistent event loop
2026-04-17 23:48:17 - src.brain - INFO - Using Groq API for LLM connection.
2026-04-17 23:48:17 - src.brain - INFO - Brain initialized — fast: qwen2.5-coder:7b, primary: qwen2.5-coder:14b
2026-04-17 23:48:17 - src.voice_engine - INFO - Calibrating ambient noise (background)...
2026-04-17 23:48:17 - src.gui - INFO - Assistant GUI initialized
2026-04-17 23:48:19 - src.voice_engine - INFO - Ambient noise calibrated. Energy threshold: 150
2026-04-17 23:48:40 - src.brain - INFO - [Brain] Creation request detected — routing directly to force-execute (bypassing tool loop)
2026-04-17 23:48:40 - src.brain - INFO - [Brain] Force-executing creation (bypassing tool loop)
2026-04-17 23:48:40 - src.brain - INFO - [Brain] Groq token budget: input~159 + output 11341 = ~11500 (limit: 12000)
2026-04-17 23:48:41 - src.brain - INFO - [Brain] Got code response (1153 chars)
2026-04-17 23:48:41 - src.system_controller - INFO - Created folder: C:\Users\Chinmay\Desktop\game
2026-04-17 23:48:41 - src.brain - INFO - [Brain] Created project folder: C:\Users\Chinmay\Desktop/game
2026-04-17 23:48:41 - src.system_controller - INFO - Wrote to file: C:\Users\Chinmay\Desktop\game\index.html (543 bytes, 524 chars)
2026-04-17 23:48:41 - src.brain - INFO - [Brain] Wrote (=== pattern): index.html (524 chars)
2026-04-17 23:48:41 - src.system_controller - INFO - Wrote to file: C:\Users\Chinmay\Desktop\game\style.css (292 bytes, 270 chars)
2026-04-17 23:48:41 - src.brain - INFO - [Brain] Wrote (=== pattern): style.css (270 chars)
2026-04-17 23:48:41 - src.system_controller - INFO - Wrote to file: C:\Users\Chinmay\Desktop\game\script.js (291 bytes, 282 chars)
2026-04-17 23:48:41 - src.brain - INFO - [Brain] Wrote (=== pattern): script.js (282 chars)
2026-04-17 23:48:41 - src.brain - INFO - [PERF] process_command took 1.27s
2026-04-17 23:59:44 - __main__ - INFO - Starting Personal Desktop Assistant (Local Ollama Brain)...
2026-04-17 23:59:44 - src.voice_engine - INFO - Voice engine initialized with edge-tts, pygame, and persistent event loop
2026-04-17 23:59:44 - src.brain - INFO - Using Groq API for LLM connection.
2026-04-17 23:59:44 - src.brain - INFO - Brain initialized — fast: qwen2.5-coder:7b, primary: qwen2.5-coder:14b
2026-04-17 23:59:45 - src.voice_engine - INFO - Calibrating ambient noise (background)...
2026-04-17 23:59:45 - src.gui - INFO - Assistant GUI initialized
2026-04-17 23:59:47 - src.voice_engine - INFO - Ambient noise calibrated. Energy threshold: 150
2026-04-17 23:59:53 - src.brain - INFO - [Brain] Creation request detected — routing directly to force-execute (bypassing tool loop)
2026-04-17 23:59:53 - src.brain - INFO - [Brain] Force-executing creation (bypassing tool loop)
2026-04-17 23:59:54 - src.brain - INFO - [Brain] Groq token budget: input~150 + output 11350 = ~11500 (limit: 12000)
2026-04-17 23:59:56 - src.brain - INFO - [Brain] Got code response (2786 chars)
2026-04-17 23:59:56 - src.system_controller - INFO - Created folder: C:\Users\Chinmay\Desktop\game
2026-04-17 23:59:56 - src.brain - INFO - [Brain] Created project folder: C:\Users\Chinmay\Desktop/game
2026-04-17 23:59:56 - src.system_controller - INFO - Wrote to file: C:\Users\Chinmay\Desktop\game\index.html (355 bytes, 343 chars)
2026-04-17 23:59:56 - src.brain - INFO - [Brain] Wrote (=== pattern): index.html (343 chars)
2026-04-17 23:59:56 - src.system_controller - INFO - Wrote to file: C:\Users\Chinmay\Desktop\game\style.css (108 bytes, 101 chars)
2026-04-17 23:59:56 - src.brain - INFO - [Brain] Wrote (=== pattern): style.css (101 chars)
2026-04-17 23:59:56 - src.system_controller - INFO - Wrote to file: C:\Users\Chinmay\Desktop\game\script.js (2337 bytes, 2265 chars)
2026-04-17 23:59:56 - src.brain - INFO - [Brain] Wrote (=== pattern): script.js (2265 chars)
2026-04-17 23:59:56 - src.brain - INFO - [PERF] process_command took 2.30s
2026-04-18 00:19:03 - __main__ - INFO - Starting Personal Desktop Assistant (Local Ollama Brain)...
2026-04-18 00:19:03 - src.voice_engine - INFO - Voice engine initialized with edge-tts, pygame, and persistent event loop
2026-04-18 00:19:03 - src.brain - INFO - Using Groq API for LLM connection.
2026-04-18 00:19:03 - src.brain - INFO - Brain initialized — fast: qwen2.5-coder:7b, primary: qwen2.5-coder:14b
2026-04-18 00:19:03 - src.voice_engine - INFO - Calibrating ambient noise (background)...
2026-04-18 00:19:04 - src.gui - INFO - Assistant GUI initialized
2026-04-18 00:19:05 - src.voice_engine - INFO - Ambient noise calibrated. Energy threshold: 150
2026-04-18 00:19:13 - src.brain - INFO - [Brain] Creation request detected — routing directly to force-execute (bypassing tool loop)
2026-04-18 00:19:13 - src.brain - INFO - [Brain] Force-executing creation (bypassing tool loop)
2026-04-18 00:19:13 - src.brain - INFO - [Brain] Phase 1: Generating project blueprint...
2026-04-18 00:19:13 - src.brain - INFO - [Brain] Groq token budget: input~297 + output 11203 = ~11500 (limit: 12000)
2026-04-18 00:19:14 - src.brain - WARNING - LLM call failed (model=qwen2.5-coder:14b, attempt 1): Error code: 429 - {'error': {'message': 'Rate limit reached for model `llama-3.3-70b-versatile` in organization `org_01knwcbhc4fb59fgfezant08sz` service tier `on_demand` on tokens per day (TPD): Limit 100000, Used 98293, Requested 11518. Please try again in 2h21m16.704s. Need more tokens? Upgrade to Dev Tier today at https://console.groq.com/settings/billing', 'type': 'tokens', 'code': 'rate_limit_exceeded'}}. Retrying in 1.0s...
2026-04-18 00:19:15 - src.brain - INFO - [Brain] Groq token budget: input~297 + output 11203 = ~11500 (limit: 12000)
2026-04-18 00:19:15 - src.brain - WARNING - LLM call failed (model=qwen2.5-coder:14b, attempt 2): Error code: 429 - {'error': {'message': 'Rate limit reached for model `llama-3.3-70b-versatile` in organization `org_01knwcbhc4fb59fgfezant08sz` service tier `on_demand` on tokens per day (TPD): Limit 100000, Used 98292, Requested 11518. Please try again in 2h21m15.84s. Need more tokens? Upgrade to Dev Tier today at https://console.groq.com/settings/billing', 'type': 'tokens', 'code': 'rate_limit_exceeded'}}. Retrying in 2.0s...
2026-04-18 00:19:17 - src.brain - INFO - [Brain] Groq token budget: input~297 + output 11203 = ~11500 (limit: 12000)
2026-04-18 00:19:17 - src.brain - WARNING - LLM call failed (model=qwen2.5-coder:14b, attempt 3): Error code: 429 - {'error': {'message': 'Rate limit reached for model `llama-3.3-70b-versatile` in organization `org_01knwcbhc4fb59fgfezant08sz` service tier `on_demand` on tokens per day (TPD): Limit 100000, Used 98289, Requested 11518. Please try again in 2h21m13.248s. Need more tokens? Upgrade to Dev Tier today at https://console.groq.com/settings/billing', 'type': 'tokens', 'code': 'rate_limit_exceeded'}}. Retrying in 4.0s...
2026-04-18 00:19:21 - src.brain - WARNING - All retries exhausted for model 'qwen2.5-coder:14b'. Trying fallback...
2026-04-18 00:19:22 - src.brain - INFO - [Brain] Groq token budget: input~297 + output 11203 = ~11500 (limit: 12000)
2026-04-18 00:19:22 - src.brain - WARNING - LLM call failed (model=qwen2.5-coder:7b, attempt 1): Error code: 429 - {'error': {'message': 'Rate limit reached for model `llama-3.3-70b-versatile` in organization `org_01knwcbhc4fb59fgfezant08sz` service tier `on_demand` on tokens per day (TPD): Limit 100000, Used 98284, Requested 11518. Please try again in 2h21m8.928s. Need more tokens? Upgrade to Dev Tier today at https://console.groq.com/settings/billing', 'type': 'tokens', 'code': 'rate_limit_exceeded'}}. Retrying in 1.0s...
2026-04-18 00:19:23 - src.brain - INFO - [Brain] Groq token budget: input~297 + output 11203 = ~11500 (limit: 12000)
2026-04-18 00:19:23 - src.brain - WARNING - LLM call failed (model=qwen2.5-coder:7b, attempt 2): Error code: 429 - {'error': {'message': 'Rate limit reached for model `llama-3.3-70b-versatile` in organization `org_01knwcbhc4fb59fgfezant08sz` service tier `on_demand` on tokens per day (TPD): Limit 100000, Used 98282, Requested 11518. Please try again in 2h21m7.2s. Need more tokens? Upgrade to Dev Tier today at https://console.groq.com/settings/billing', 'type': 'tokens', 'code': 'rate_limit_exceeded'}}. Retrying in 2.0s...
2026-04-18 00:19:25 - src.brain - INFO - [Brain] Groq token budget: input~297 + output 11203 = ~11500 (limit: 12000)
2026-04-18 00:19:25 - src.brain - WARNING - LLM call failed (model=qwen2.5-coder:7b, attempt 3): Error code: 429 - {'error': {'message': 'Rate limit reached for model `llama-3.3-70b-versatile` in organization `org_01knwcbhc4fb59fgfezant08sz` service tier `on_demand` on tokens per day (TPD): Limit 100000, Used 98280, Requested 11518. Please try again in 2h21m5.472s. Need more tokens? Upgrade to Dev Tier today at https://console.groq.com/settings/billing', 'type': 'tokens', 'code': 'rate_limit_exceeded'}}. Retrying in 4.0s...
2026-04-18 00:19:29 - src.brain - WARNING - All retries exhausted for model 'qwen2.5-coder:7b'. Trying fallback...
2026-04-18 00:19:29 - src.brain - WARNING - [Brain] Blueprint generation failed: Error code: 429 - {'error': {'message': 'Rate limit reached for model `llama-3.3-70b-versatile` in organization `org_01knwcbhc4fb59fgfezant08sz` service tier `on_demand` on tokens per day (TPD): Limit 100000, Used 98280, Requested 11518. Please try again in 2h21m5.472s. Need more tokens? Upgrade to Dev Tier today at https://console.groq.com/settings/billing', 'type': 'tokens', 'code': 'rate_limit_exceeded'}} — falling back to raw request
2026-04-18 00:19:30 - src.brain - INFO - [Brain] Groq token budget: input~200 + output 11300 = ~11500 (limit: 12000)
2026-04-18 00:19:30 - src.brain - WARNING - LLM call failed (model=qwen2.5-coder:14b, attempt 1): Error code: 429 - {'error': {'message': 'Rate limit reached for model `llama-3.3-70b-versatile` in organization `org_01knwcbhc4fb59fgfezant08sz` service tier `on_demand` on tokens per day (TPD): Limit 100000, Used 98275, Requested 11519. Please try again in 2h21m2.016s. Need more tokens? Upgrade to Dev Tier today at https://console.groq.com/settings/billing', 'type': 'tokens', 'code': 'rate_limit_exceeded'}}. Retrying in 1.0s...
2026-04-18 00:19:31 - src.brain - INFO - [Brain] Groq token budget: input~200 + output 11300 = ~11500 (limit: 12000)
2026-04-18 00:19:31 - src.brain - WARNING - LLM call failed (model=qwen2.5-coder:14b, attempt 2): Error code: 429 - {'error': {'message': 'Rate limit reached for model `llama-3.3-70b-versatile` in organization `org_01knwcbhc4fb59fgfezant08sz` service tier `on_demand` on tokens per day (TPD): Limit 100000, Used 98273, Requested 11519. Please try again in 2h21m0.287999999s. Need more tokens? Upgrade to Dev Tier today at https://console.groq.com/settings/billing', 'type': 'tokens', 'code': 'rate_limit_exceeded'}}. Retrying in 2.0s...
2026-04-18 00:19:33 - src.brain - INFO - [Brain] Groq token budget: input~200 + output 11300 = ~11500 (limit: 12000)
2026-04-18 00:19:33 - src.brain - WARNING - LLM call failed (model=qwen2.5-coder:14b, attempt 3): Error code: 429 - {'error': {'message': 'Rate limit reached for model `llama-3.3-70b-versatile` in organization `org_01knwcbhc4fb59fgfezant08sz` service tier `on_demand` on tokens per day (TPD): Limit 100000, Used 98270, Requested 11519. Please try again in 2h20m57.696s. Need more tokens? Upgrade to Dev Tier today at https://console.groq.com/settings/billing', 'type': 'tokens', 'code': 'rate_limit_exceeded'}}. Retrying in 4.0s...
2026-04-18 00:19:37 - src.brain - WARNING - All retries exhausted for model 'qwen2.5-coder:14b'. Trying fallback...
2026-04-18 00:19:38 - src.brain - INFO - [Brain] Groq token budget: input~200 + output 11300 = ~11500 (limit: 12000)
2026-04-18 00:19:38 - src.brain - WARNING - LLM call failed (model=qwen2.5-coder:7b, attempt 1): Error code: 429 - {'error': {'message': 'Rate limit reached for model `llama-3.3-70b-versatile` in organization `org_01knwcbhc4fb59fgfezant08sz` service tier `on_demand` on tokens per day (TPD): Limit 100000, Used 98265, Requested 11519. Please try again in 2h20m53.376s. Need more tokens? Upgrade to Dev Tier today at https://console.groq.com/settings/billing', 'type': 'tokens', 'code': 'rate_limit_exceeded'}}. Retrying in 1.0s...
2026-04-18 00:19:39 - src.brain - INFO - [Brain] Groq token budget: input~200 + output 11300 = ~11500 (limit: 12000)
2026-04-18 00:19:39 - src.brain - WARNING - LLM call failed (model=qwen2.5-coder:7b, attempt 2): Error code: 429 - {'error': {'message': 'Rate limit reached for model `llama-3.3-70b-versatile` in organization `org_01knwcbhc4fb59fgfezant08sz` service tier `on_demand` on tokens per day (TPD): Limit 100000, Used 98264, Requested 11519. Please try again in 2h20m52.512s. Need more tokens? Upgrade to Dev Tier today at https://console.groq.com/settings/billing', 'type': 'tokens', 'code': 'rate_limit_exceeded'}}. Retrying in 2.0s...
2026-04-18 00:19:41 - src.brain - INFO - [Brain] Groq token budget: input~200 + output 11300 = ~11500 (limit: 12000)
2026-04-18 00:19:41 - src.brain - WARNING - LLM call failed (model=qwen2.5-coder:7b, attempt 3): Error code: 429 - {'error': {'message': 'Rate limit reached for model `llama-3.3-70b-versatile` in organization `org_01knwcbhc4fb59fgfezant08sz` service tier `on_demand` on tokens per day (TPD): Limit 100000, Used 98261, Requested 11519. Please try again in 2h20m49.92s. Need more tokens? Upgrade to Dev Tier today at https://console.groq.com/settings/billing', 'type': 'tokens', 'code': 'rate_limit_exceeded'}}. Retrying in 4.0s...
2026-04-18 00:19:45 - src.brain - WARNING - All retries exhausted for model 'qwen2.5-coder:7b'. Trying fallback...
2026-04-18 00:19:45 - src.brain - ERROR - [Brain] Force-execute creation failed: Error code: 429 - {'error': {'message': 'Rate limit reached for model `llama-3.3-70b-versatile` in organization `org_01knwcbhc4fb59fgfezant08sz` service tier `on_demand` on tokens per day (TPD): Limit 100000, Used 98261, Requested 11519. Please try again in 2h20m49.92s. Need more tokens? Upgrade to Dev Tier today at https://console.groq.com/settings/billing', 'type': 'tokens', 'code': 'rate_limit_exceeded'}}
Traceback (most recent call last):
  File "C:\Users\Chinmay\Assistant\src\brain.py", line 1520, in _force_execute_creation
    response = self._call_llm_with_retry(self.primary_model, code_prompt)
               ^^^^^^^^^^^^^^^^^^^^^^^^^^^^^^^^^^^^^^^^^^^^^^^^^^^^^^^^^^
  File "C:\Users\Chinmay\Assistant\src\brain.py", line 700, in _call_llm_with_retry
    raise last_error
  File "C:\Users\Chinmay\Assistant\src\brain.py", line 677, in _call_llm_with_retry
    return self._execute_groq_call(current_model, messages, tools)
           ^^^^^^^^^^^^^^^^^^^^^^^^^^^^^^^^^^^^^^^^^^^^^^^^^^^^^^^
  File "C:\Users\Chinmay\Assistant\src\brain.py", line 853, in _execute_groq_call
    raise e
  File "C:\Users\Chinmay\Assistant\src\brain.py", line 791, in _execute_groq_call
    response = client.chat.completions.create(**kwargs)
               ^^^^^^^^^^^^^^^^^^^^^^^^^^^^^^^^^^^^^^^^
  File "C:\Users\Chinmay\Assistant\venv\Lib\site-packages\groq\resources\chat\completions.py", line 461, in create
    return self._post(
           ^^^^^^^^^^^
  File "C:\Users\Chinmay\Assistant\venv\Lib\site-packages\groq\_base_client.py", line 1280, in post
    return cast(ResponseT, self.request(cast_to, opts, stream=stream, stream_cls=stream_cls))
                           ^^^^^^^^^^^^^^^^^^^^^^^^^^^^^^^^^^^^^^^^^^^^^^^^^^^^^^^^^^^^^^^^^
  File "C:\Users\Chinmay\Assistant\venv\Lib\site-packages\groq\_base_client.py", line 1067, in request
    raise self._make_status_error_from_response(err.response) from None
groq.RateLimitError: Error code: 429 - {'error': {'message': 'Rate limit reached for model `llama-3.3-70b-versatile` in organization `org_01knwcbhc4fb59fgfezant08sz` service tier `on_demand` on tokens per day (TPD): Limit 100000, Used 98261, Requested 11519. Please try again in 2h20m49.92s. Need more tokens? Upgrade to Dev Tier today at https://console.groq.com/settings/billing', 'type': 'tokens', 'code': 'rate_limit_exceeded'}}
2026-04-18 00:19:45 - src.brain - INFO - [PERF] process_command took 32.24s
2026-04-18 00:19:45 - src.gui - INFO - Response is a status/path message, skipping TTS
2026-04-18 00:26:36 - __main__ - INFO - Starting Personal Desktop Assistant (Local Ollama Brain)...
2026-04-18 00:26:36 - src.voice_engine - INFO - Voice engine initialized with edge-tts, pygame, and persistent event loop
2026-04-18 00:26:36 - src.brain - INFO - Using Groq API for LLM connection.
2026-04-18 00:26:36 - src.brain - INFO - Brain initialized — fast: qwen2.5-coder:7b, primary: qwen2.5-coder:14b
2026-04-18 00:26:36 - src.voice_engine - INFO - Calibrating ambient noise (background)...
2026-04-18 00:26:37 - src.gui - INFO - Assistant GUI initialized
2026-04-18 00:26:38 - src.voice_engine - INFO - Ambient noise calibrated. Energy threshold: 150
2026-04-18 00:26:43 - src.brain - INFO - [Brain] Creation request detected — routing directly to force-execute (bypassing tool loop)
2026-04-18 00:26:43 - src.brain - INFO - [Brain] Force-executing creation (bypassing tool loop)
2026-04-18 00:26:43 - src.brain - INFO - [Brain] Phase 1: Generating project blueprint...
2026-04-18 00:26:43 - src.brain - INFO - [Brain] Using local Ollama for blueprint (saving Groq tokens)...
2026-04-18 00:26:43 - src.brain - INFO - [Brain] Using local model 'qwen2.5-coder:7b' for blueprint
2026-04-18 00:28:19 - src.brain - INFO - [Brain] Blueprint generated (3040 chars)
2026-04-18 00:28:20 - src.brain - INFO - [Brain] Groq token budget: input~1027 + output 10473 = ~11500 (limit: 12000)
2026-04-18 00:28:20 - src.brain - WARNING - Rate limit hit (model=qwen2.5-coder:14b): Error code: 429 - {'error': {'message': 'Rate limit reached for model `llama-3.3-70b-versatile` in organization `org_01knwcbhc4fb59fgfezant08sz` service tier `on_demand` on tokens per day (TPD): Limit 100000, Used 97661, Requested 11374. Please try again in 2h10m6.24s. Need more tokens? Upgrade to Dev Tier today at https://console.groq.com/settings/billing', 'type': 'tokens', 'code': 'rate_limit_exceeded'}}
2026-04-18 00:28:20 - src.brain - ERROR - [Brain] Force-execute creation failed: Error code: 429 - {'error': {'message': 'Rate limit reached for model `llama-3.3-70b-versatile` in organization `org_01knwcbhc4fb59fgfezant08sz` service tier `on_demand` on tokens per day (TPD): Limit 100000, Used 97661, Requested 11374. Please try again in 2h10m6.24s. Need more tokens? Upgrade to Dev Tier today at https://console.groq.com/settings/billing', 'type': 'tokens', 'code': 'rate_limit_exceeded'}}
Traceback (most recent call last):
  File "C:\Users\Chinmay\Assistant\src\brain.py", line 1576, in _force_execute_creation
    response = self._call_llm_with_retry(self.primary_model, code_prompt)
               ^^^^^^^^^^^^^^^^^^^^^^^^^^^^^^^^^^^^^^^^^^^^^^^^^^^^^^^^^^
  File "C:\Users\Chinmay\Assistant\src\brain.py", line 699, in _call_llm_with_retry
    raise e
  File "C:\Users\Chinmay\Assistant\src\brain.py", line 677, in _call_llm_with_retry
    return self._execute_groq_call(current_model, messages, tools)
           ^^^^^^^^^^^^^^^^^^^^^^^^^^^^^^^^^^^^^^^^^^^^^^^^^^^^^^^
  File "C:\Users\Chinmay\Assistant\src\brain.py", line 860, in _execute_groq_call
    raise e
  File "C:\Users\Chinmay\Assistant\src\brain.py", line 798, in _execute_groq_call
    response = client.chat.completions.create(**kwargs)
               ^^^^^^^^^^^^^^^^^^^^^^^^^^^^^^^^^^^^^^^^
  File "C:\Users\Chinmay\Assistant\venv\Lib\site-packages\groq\resources\chat\completions.py", line 461, in create
    return self._post(
           ^^^^^^^^^^^
  File "C:\Users\Chinmay\Assistant\venv\Lib\site-packages\groq\_base_client.py", line 1280, in post
    return cast(ResponseT, self.request(cast_to, opts, stream=stream, stream_cls=stream_cls))
                           ^^^^^^^^^^^^^^^^^^^^^^^^^^^^^^^^^^^^^^^^^^^^^^^^^^^^^^^^^^^^^^^^^
  File "C:\Users\Chinmay\Assistant\venv\Lib\site-packages\groq\_base_client.py", line 1067, in request
    raise self._make_status_error_from_response(err.response) from None
groq.RateLimitError: Error code: 429 - {'error': {'message': 'Rate limit reached for model `llama-3.3-70b-versatile` in organization `org_01knwcbhc4fb59fgfezant08sz` service tier `on_demand` on tokens per day (TPD): Limit 100000, Used 97661, Requested 11374. Please try again in 2h10m6.24s. Need more tokens? Upgrade to Dev Tier today at https://console.groq.com/settings/billing', 'type': 'tokens', 'code': 'rate_limit_exceeded'}}
2026-04-18 00:28:20 - src.brain - INFO - [PERF] process_command took 97.19s
2026-04-18 00:28:58 - src.brain - INFO - [Brain] Creation request detected — routing directly to force-execute (bypassing tool loop)
2026-04-18 00:28:58 - src.brain - INFO - [Brain] Force-executing creation (bypassing tool loop)
2026-04-18 00:28:58 - src.brain - INFO - [Brain] Phase 1: Generating project blueprint...
2026-04-18 00:28:58 - src.brain - INFO - [Brain] Using local Ollama for blueprint (saving Groq tokens)...
2026-04-18 00:28:58 - src.brain - INFO - [Brain] Using local model 'qwen2.5-coder:7b' for blueprint
2026-04-18 16:21:29 - __main__ - INFO - Starting Personal Desktop Assistant (Local Ollama Brain)...
2026-04-18 16:21:30 - src.voice_engine - INFO - Voice engine initialized with edge-tts, pygame, and persistent event loop
2026-04-18 16:21:30 - src.brain - INFO - Using Groq API for LLM connection.
2026-04-18 16:21:30 - src.brain - INFO - Brain initialized — fast: qwen2.5-coder:7b, primary: qwen2.5-coder:14b
2026-04-18 16:21:30 - src.voice_engine - INFO - Calibrating ambient noise (background)...
2026-04-18 16:21:31 - src.gui - INFO - Assistant GUI initialized
2026-04-18 16:21:32 - src.voice_engine - INFO - Ambient noise calibrated. Energy threshold: 150
2026-04-18 16:21:42 - src.brain - INFO - [Brain] Creation request detected — routing directly to force-execute (bypassing tool loop)
2026-04-18 16:21:42 - src.brain - INFO - [Brain] Force-executing creation (bypassing tool loop)
2026-04-18 16:21:42 - src.brain - INFO - [Brain] Phase 1: Generating project blueprint...
2026-04-18 16:21:42 - src.brain - INFO - [Brain] Using local Ollama for blueprint (saving Groq tokens)...
2026-04-18 16:21:43 - src.brain - INFO - [Brain] Using local model 'qwen2.5-coder:7b' for blueprint
2026-04-18 16:23:15 - src.brain - INFO - [Brain] Blueprint generated (3356 chars)
2026-04-18 16:23:15 - src.brain - INFO - [Brain] Groq token budget: input~1108 + output 10392 = ~11500 (limit: 12000)
2026-04-18 16:23:19 - src.brain - INFO - [Brain] Got code response (6710 chars)
2026-04-18 16:23:19 - src.system_controller - INFO - Created folder: C:\Users\Chinmay\Desktop\ma-a-mario
2026-04-18 16:23:19 - src.brain - INFO - [Brain] Created project folder: C:\Users\Chinmay\Desktop/ma-a-mario
2026-04-18 16:23:19 - src.system_controller - INFO - Wrote to file: C:\Users\Chinmay\Desktop\ma-a-mario\index.html (361 bytes, 349 chars)
2026-04-18 16:23:19 - src.brain - INFO - [Brain] Wrote (=== pattern): index.html (349 chars)
2026-04-18 16:23:19 - src.system_controller - INFO - Wrote to file: C:\Users\Chinmay\Desktop\ma-a-mario\style.css (891 bytes, 839 chars)
2026-04-18 16:23:19 - src.brain - INFO - [Brain] Wrote (=== pattern): style.css (839 chars)
2026-04-18 16:23:19 - src.system_controller - INFO - Wrote to file: C:\Users\Chinmay\Desktop\ma-a-mario\script.js (5655 bytes, 5445 chars)
2026-04-18 16:23:19 - src.brain - INFO - [Brain] Wrote (=== pattern): script.js (5445 chars)
2026-04-18 16:23:19 - src.brain - INFO - [PERF] process_command took 96.27s
2026-04-18 17:04:45 - __main__ - INFO - Starting Personal Desktop Assistant (Local Ollama Brain)...
2026-04-18 17:04:46 - src.voice_engine - INFO - Voice engine initialized with edge-tts, pygame, and persistent event loop
2026-04-18 17:04:46 - src.brain - INFO - Using Groq API for LLM connection.
2026-04-18 17:04:46 - src.brain - INFO - Brain initialized — fast: qwen2.5-coder:7b, primary: qwen2.5-coder:14b
2026-04-18 17:04:46 - src.voice_engine - INFO - Calibrating ambient noise (background)...
2026-04-18 17:04:46 - src.gui - INFO - Assistant GUI initialized
2026-04-18 17:04:48 - src.voice_engine - INFO - Ambient noise calibrated. Energy threshold: 150
2026-04-18 17:05:00 - src.voice_engine - INFO - Listening... (attempt 1/2)
2026-04-18 17:05:06 - src.voice_engine - INFO - Recognized: make me a Mario like game
2026-04-18 17:05:06 - src.brain - INFO - [Brain] Creation request detected — routing directly to force-execute (bypassing tool loop)
2026-04-18 17:05:06 - src.brain - INFO - [Brain] Phase 1: Generating blueprint for user approval
2026-04-18 17:05:06 - src.brain - INFO - [Brain] Phase 1: Generating project blueprint...
2026-04-18 17:05:06 - src.brain - INFO - [Brain] Using Groq for blueprint generation...
2026-04-18 17:05:06 - src.brain - INFO - [Brain] Groq token budget: input~298 + output 11202 = ~11500 (limit: 12000)
2026-04-18 17:05:09 - src.brain - INFO - [Brain] Blueprint generated (3457 chars)
2026-04-18 17:05:09 - src.gui - INFO - [GUI] Blueprint ready for approval (3457 chars)
2026-04-18 17:05:09 - src.brain - INFO - [PERF] process_command took 3.10s
2026-04-18 17:05:09 - src.gui - INFO - Response is a status/path message, skipping TTS
2026-04-18 17:05:10 - src.voice_engine - INFO - Listening... (attempt 1/2)
2026-04-18 17:05:14 - src.voice_engine - WARNING - Timeout waiting for speech (attempt 1/2)
2026-04-18 17:05:14 - src.voice_engine - INFO - Listening... (attempt 2/2)
2026-04-18 17:05:18 - src.voice_engine - WARNING - Timeout waiting for speech (attempt 2/2)
2026-04-18 17:05:19 - src.voice_engine - INFO - Listening... (attempt 1/2)
2026-04-18 17:05:23 - src.voice_engine - WARNING - Timeout waiting for speech (attempt 1/2)
2026-04-18 17:05:23 - src.voice_engine - INFO - Listening... (attempt 2/2)
2026-04-18 17:05:27 - src.voice_engine - WARNING - Timeout waiting for speech (attempt 2/2)
2026-04-18 17:05:27 - src.voice_engine - INFO - Listening... (attempt 1/2)
2026-04-18 17:05:32 - src.voice_engine - WARNING - Timeout waiting for speech (attempt 1/2)
2026-04-18 17:05:32 - src.voice_engine - INFO - Listening... (attempt 2/2)
2026-04-18 17:05:36 - src.voice_engine - WARNING - Timeout waiting for speech (attempt 2/2)
2026-04-18 17:05:36 - src.voice_engine - INFO - Listening... (attempt 1/2)
2026-04-18 17:05:40 - src.voice_engine - WARNING - Timeout waiting for speech (attempt 1/2)
2026-04-18 17:05:41 - src.voice_engine - INFO - Listening... (attempt 2/2)
2026-04-18 17:05:45 - src.voice_engine - WARNING - Timeout waiting for speech (attempt 2/2)
2026-04-18 17:05:47 - src.brain - INFO - [Brain] User approved blueprint — proceeding to code generation
2026-04-18 17:05:47 - src.brain - INFO - [Brain] Phase 2: Generating code from approved blueprint
2026-04-18 17:05:47 - src.brain - INFO - [Brain] Groq token budget: input~1133 + output 10367 = ~11500 (limit: 12000)
2026-04-18 17:06:10 - src.brain - INFO - [Brain] Got code response (10218 chars)
2026-04-18 17:06:10 - src.system_controller - INFO - Created folder: C:\Users\Chinmay\Desktop\mario
2026-04-18 17:06:10 - src.brain - INFO - [Brain] Created project folder: C:\Users\Chinmay\Desktop/mario
2026-04-18 17:06:10 - src.system_controller - INFO - Wrote to file: C:\Users\Chinmay\Desktop\mario\index.html (365 bytes, 353 chars)
2026-04-18 17:06:10 - src.brain - INFO - [Brain] Wrote (=== pattern): index.html (353 chars)
2026-04-18 17:06:10 - src.system_controller - INFO - Wrote to file: C:\Users\Chinmay\Desktop\mario\style.css (957 bytes, 901 chars)
2026-04-18 17:06:10 - src.brain - INFO - [Brain] Wrote (=== pattern): style.css (901 chars)
2026-04-18 17:06:10 - src.system_controller - INFO - Wrote to file: C:\Users\Chinmay\Desktop\mario\script.js (9215 bytes, 8887 chars)
2026-04-18 17:06:10 - src.brain - INFO - [Brain] Wrote (=== pattern): script.js (8887 chars)
2026-04-18 17:06:10 - src.brain - INFO - [PERF] process_command took 23.55s
2026-04-18 17:07:17 - src.brain - INFO - [Brain] Active project exists — routing to modification for 'C:\Users\Chinmay\Desktop/mario'
2026-04-18 17:07:17 - src.brain - INFO - [Brain] Force-executing modification on 'C:\Users\Chinmay\Desktop/mario'
2026-04-18 17:07:17 - src.system_controller - INFO - Read file: C:\Users\Chinmay\Desktop\mario\index.html (353 chars)
2026-04-18 17:07:17 - src.system_controller - INFO - Read file: C:\Users\Chinmay\Desktop\mario\script.js (8887 chars)
2026-04-18 17:07:17 - src.system_controller - INFO - Read file: C:\Users\Chinmay\Desktop\mario\style.css (901 chars)
2026-04-18 17:07:17 - src.brain - INFO - [Brain] Groq token budget: input~2722 + output 8778 = ~11500 (limit: 12000)
2026-04-18 17:07:25 - src.system_controller - INFO - Wrote to file: C:\Users\Chinmay\Desktop\mario\index.html (365 bytes, 353 chars)
2026-04-18 17:07:25 - src.brain - INFO - [Brain] Wrote (=== pattern): index.html (353 chars)
2026-04-18 17:07:25 - src.system_controller - INFO - Wrote to file: C:\Users\Chinmay\Desktop\mario\script.js (9369 bytes, 9035 chars)
2026-04-18 17:07:25 - src.brain - INFO - [Brain] Wrote (=== pattern): script.js (9035 chars)
2026-04-18 17:07:25 - src.system_controller - INFO - Wrote to file: C:\Users\Chinmay\Desktop\mario\style.css (957 bytes, 901 chars)
2026-04-18 17:07:25 - src.brain - INFO - [Brain] Wrote (=== pattern): style.css (901 chars)
2026-04-18 17:07:25 - src.brain - INFO - [PERF] process_command took 7.89s
2026-04-18 17:08:08 - src.brain - INFO - [Brain] Active project exists — routing to modification for 'C:\Users\Chinmay\Desktop/mario'
2026-04-18 17:08:08 - src.brain - INFO - [Brain] Force-executing modification on 'C:\Users\Chinmay\Desktop/mario'
2026-04-18 17:08:08 - src.system_controller - INFO - Read file: C:\Users\Chinmay\Desktop\mario\index.html (353 chars)
2026-04-18 17:08:08 - src.system_controller - INFO - Read file: C:\Users\Chinmay\Desktop\mario\script.js (9035 chars)
2026-04-18 17:08:08 - src.system_controller - INFO - Read file: C:\Users\Chinmay\Desktop\mario\style.css (901 chars)
2026-04-18 17:08:08 - src.brain - INFO - [Brain] Groq token budget: input~2756 + output 8744 = ~11500 (limit: 12000)
2026-04-18 17:08:14 - src.system_controller - INFO - Wrote to file: C:\Users\Chinmay\Desktop\mario\index.html (365 bytes, 353 chars)
2026-04-18 17:08:14 - src.brain - INFO - [Brain] Wrote (=== pattern): index.html (353 chars)
2026-04-18 17:08:14 - src.system_controller - INFO - Wrote to file: C:\Users\Chinmay\Desktop\mario\script.js (9438 bytes, 9104 chars)
2026-04-18 17:08:14 - src.brain - INFO - [Brain] Wrote (=== pattern): script.js (9104 chars)
2026-04-18 17:08:14 - src.system_controller - INFO - Wrote to file: C:\Users\Chinmay\Desktop\mario\style.css (957 bytes, 901 chars)
2026-04-18 17:08:14 - src.brain - INFO - [Brain] Wrote (=== pattern): style.css (901 chars)
2026-04-18 17:08:14 - src.brain - INFO - [PERF] process_command took 5.46s
2026-04-18 17:09:00 - src.brain - INFO - [Brain] New project 'chess' requested (different from 'mario')
2026-04-18 17:09:00 - src.brain - INFO - [Brain] Creation request detected — routing directly to force-execute (bypassing tool loop)
2026-04-18 17:09:00 - src.brain - INFO - [Brain] Phase 1: Generating blueprint for user approval
2026-04-18 17:09:00 - src.brain - INFO - [Brain] Phase 1: Generating project blueprint...
2026-04-18 17:09:00 - src.brain - INFO - [Brain] Using Groq for blueprint generation...
2026-04-18 17:09:01 - src.brain - INFO - [Brain] Groq token budget: input~301 + output 11199 = ~11500 (limit: 12000)
2026-04-18 17:09:03 - src.brain - INFO - [Brain] Blueprint generated (3397 chars)
2026-04-18 17:09:03 - src.gui - INFO - [GUI] Blueprint ready for approval (3397 chars)
2026-04-18 17:09:03 - src.brain - INFO - [PERF] process_command took 2.55s
2026-04-18 17:09:03 - src.gui - INFO - Response is a status/path message, skipping TTS
2026-04-18 17:09:49 - src.brain - INFO - [Brain] User approved blueprint — proceeding to code generation
2026-04-18 17:09:49 - src.brain - INFO - [Brain] Phase 2: Generating code from approved blueprint
2026-04-18 17:09:49 - src.brain - INFO - [Brain] Groq token budget: input~1104 + output 10396 = ~11500 (limit: 12000)
2026-04-18 17:09:53 - src.brain - INFO - [Brain] Got code response (7817 chars)
2026-04-18 17:09:53 - src.system_controller - INFO - Created folder: C:\Users\Chinmay\Desktop\chess
2026-04-18 17:09:53 - src.brain - INFO - [Brain] Created project folder: C:\Users\Chinmay\Desktop/chess
2026-04-18 17:09:53 - src.system_controller - INFO - Wrote to file: C:\Users\Chinmay\Desktop\chess\main.py (4838 bytes, 4715 chars)
2026-04-18 17:09:53 - src.brain - INFO - [Brain] Wrote (=== pattern): main.py (4715 chars)
2026-04-18 17:09:53 - src.system_controller - INFO - Wrote to file: C:\Users\Chinmay\Desktop\chess\piece.py (802 bytes, 770 chars)
2026-04-18 17:09:53 - src.brain - INFO - [Brain] Wrote (=== pattern): piece.py (770 chars)
2026-04-18 17:09:53 - src.system_controller - INFO - Wrote to file: C:\Users\Chinmay\Desktop\chess\board.py (1969 bytes, 1930 chars)
2026-04-18 17:09:53 - src.brain - INFO - [Brain] Wrote (=== pattern): board.py (1930 chars)
2026-04-18 17:09:53 - src.brain - INFO - [PERF] process_command took 3.64s
2026-04-18 17:11:00 - src.brain - INFO - [Brain] Fix-mode detected — will inject read-first directive
2026-04-18 17:11:00 - src.brain - INFO - [Brain] Active project exists — routing to modification for 'C:\Users\Chinmay\Desktop/chess'
2026-04-18 17:11:00 - src.brain - INFO - [Brain] Force-executing modification on 'C:\Users\Chinmay\Desktop/chess'
2026-04-18 17:11:00 - src.system_controller - INFO - Read file: C:\Users\Chinmay\Desktop\chess\board.py (1930 chars)
2026-04-18 17:11:00 - src.system_controller - INFO - Read file: C:\Users\Chinmay\Desktop\chess\main.py (4715 chars)
2026-04-18 17:11:00 - src.system_controller - INFO - Read file: C:\Users\Chinmay\Desktop\chess\piece.py (770 chars)
2026-04-18 17:11:00 - src.brain - INFO - [Brain] Groq token budget: input~2036 + output 9464 = ~11500 (limit: 12000)
2026-04-18 17:11:05 - src.system_controller - INFO - Wrote to file: C:\Users\Chinmay\Desktop\chess\board.py (6463 bytes, 6325 chars)
2026-04-18 17:11:05 - src.brain - INFO - [Brain] Wrote (=== pattern): board.py (6325 chars)
2026-04-18 17:11:05 - src.system_controller - INFO - Wrote to file: C:\Users\Chinmay\Desktop\chess\main.py (3659 bytes, 3570 chars)
2026-04-18 17:11:05 - src.brain - INFO - [Brain] Wrote (=== pattern): main.py (3570 chars)
2026-04-18 17:11:05 - src.system_controller - INFO - Wrote to file: C:\Users\Chinmay\Desktop\chess\piece.py (802 bytes, 770 chars)
2026-04-18 17:11:05 - src.brain - INFO - [Brain] Wrote (=== pattern): piece.py (770 chars)
2026-04-18 17:11:05 - src.brain - INFO - [PERF] process_command took 5.23s
2026-04-18 17:11:28 - src.brain - INFO - [Brain] Active project exists — routing to modification for 'C:\Users\Chinmay\Desktop/chess'
2026-04-18 17:11:28 - src.brain - INFO - [Brain] Force-executing modification on 'C:\Users\Chinmay\Desktop/chess'
2026-04-18 17:11:28 - src.system_controller - INFO - Read file: C:\Users\Chinmay\Desktop\chess\board.py (6325 chars)
2026-04-18 17:11:28 - src.system_controller - INFO - Read file: C:\Users\Chinmay\Desktop\chess\main.py (3570 chars)
2026-04-18 17:11:28 - src.system_controller - INFO - Read file: C:\Users\Chinmay\Desktop\chess\piece.py (770 chars)
2026-04-18 17:11:28 - src.brain - INFO - [Brain] Groq token budget: input~2844 + output 8656 = ~11500 (limit: 12000)
2026-04-18 17:11:28 - src.brain - WARNING - Rate limit hit (model=qwen2.5-coder:14b): Error code: 429 - {'error': {'message': 'Rate limit reached for model `llama-3.3-70b-versatile` in organization `org_01knwcbhc4fb59fgfezant08sz` service tier `on_demand` on tokens per day (TPD): Limit 100000, Used 97129, Requested 5894. Please try again in 43m31.872s. Need more tokens? Upgrade to Dev Tier today at https://console.groq.com/settings/billing', 'type': 'tokens', 'code': 'rate_limit_exceeded'}}
2026-04-18 17:11:28 - src.brain - ERROR - [Brain] Force-execute modification failed: Error code: 429 - {'error': {'message': 'Rate limit reached for model `llama-3.3-70b-versatile` in organization `org_01knwcbhc4fb59fgfezant08sz` service tier `on_demand` on tokens per day (TPD): Limit 100000, Used 97129, Requested 5894. Please try again in 43m31.872s. Need more tokens? Upgrade to Dev Tier today at https://console.groq.com/settings/billing', 'type': 'tokens', 'code': 'rate_limit_exceeded'}}
Traceback (most recent call last):
  File "C:\Users\Chinmay\Assistant\src\brain.py", line 1701, in _force_execute_modification
    response = self._call_llm_with_retry(self.primary_model, code_prompt)
               ^^^^^^^^^^^^^^^^^^^^^^^^^^^^^^^^^^^^^^^^^^^^^^^^^^^^^^^^^^
  File "C:\Users\Chinmay\Assistant\src\brain.py", line 705, in _call_llm_with_retry
    raise e
  File "C:\Users\Chinmay\Assistant\src\brain.py", line 683, in _call_llm_with_retry
    return self._execute_groq_call(current_model, messages, tools)
           ^^^^^^^^^^^^^^^^^^^^^^^^^^^^^^^^^^^^^^^^^^^^^^^^^^^^^^^
  File "C:\Users\Chinmay\Assistant\src\brain.py", line 866, in _execute_groq_call
    raise e
  File "C:\Users\Chinmay\Assistant\src\brain.py", line 804, in _execute_groq_call
    response = client.chat.completions.create(**kwargs)
               ^^^^^^^^^^^^^^^^^^^^^^^^^^^^^^^^^^^^^^^^
  File "C:\Users\Chinmay\Assistant\venv\Lib\site-packages\groq\resources\chat\completions.py", line 461, in create
    return self._post(
           ^^^^^^^^^^^
  File "C:\Users\Chinmay\Assistant\venv\Lib\site-packages\groq\_base_client.py", line 1280, in post
    return cast(ResponseT, self.request(cast_to, opts, stream=stream, stream_cls=stream_cls))
                           ^^^^^^^^^^^^^^^^^^^^^^^^^^^^^^^^^^^^^^^^^^^^^^^^^^^^^^^^^^^^^^^^^
  File "C:\Users\Chinmay\Assistant\venv\Lib\site-packages\groq\_base_client.py", line 1067, in request
    raise self._make_status_error_from_response(err.response) from None
groq.RateLimitError: Error code: 429 - {'error': {'message': 'Rate limit reached for model `llama-3.3-70b-versatile` in organization `org_01knwcbhc4fb59fgfezant08sz` service tier `on_demand` on tokens per day (TPD): Limit 100000, Used 97129, Requested 5894. Please try again in 43m31.872s. Need more tokens? Upgrade to Dev Tier today at https://console.groq.com/settings/billing', 'type': 'tokens', 'code': 'rate_limit_exceeded'}}
2026-04-18 17:11:28 - src.brain - INFO - [PERF] process_command took 0.31s
2026-04-18 17:11:28 - src.gui - INFO - Response is a status/path message, skipping TTS
2026-04-18 17:17:05 - __main__ - INFO - Starting Personal Desktop Assistant (Local Ollama Brain)...
2026-04-18 17:17:05 - src.voice_engine - INFO - Voice engine initialized with edge-tts, pygame, and persistent event loop
2026-04-18 17:17:05 - src.brain - INFO - Using Groq API for LLM connection.
2026-04-18 17:17:05 - src.brain - INFO - Brain initialized — fast: qwen2.5-coder:7b, primary: qwen2.5-coder:14b
2026-04-18 17:17:05 - src.voice_engine - INFO - Calibrating ambient noise (background)...
2026-04-18 17:17:06 - src.gui - INFO - Assistant GUI initialized
2026-04-18 17:17:07 - src.voice_engine - INFO - Ambient noise calibrated. Energy threshold: 150
2026-04-18 17:17:18 - src.brain - INFO - [Brain] User explicitly requested a framework (React/Vue/Angular).
2026-04-18 17:17:18 - src.brain - INFO - [Brain] React/framework creation detected — routing to React handler
2026-04-18 17:17:18 - src.brain - INFO - [Brain] Phase 1 (React): Generating blueprint for user approval
2026-04-18 17:17:18 - src.brain - INFO - [Brain] Phase 1: Generating project blueprint...
2026-04-18 17:17:18 - src.brain - INFO - [Brain] Using Groq for blueprint generation...
2026-04-18 17:17:18 - src.brain - INFO - [Brain] Groq token budget: input~302 + output 11198 = ~11500 (limit: 12000)
2026-04-18 17:17:19 - src.brain - WARNING - Rate limit hit (model=qwen2.5-coder:14b): Error code: 429 - {'error': {'message': 'Rate limit reached for model `llama-3.3-70b-versatile` in organization `org_01knwcbhc4fb59fgfezant08sz` service tier `on_demand` on tokens per day (TPD): Limit 100000, Used 96723, Requested 11515. Please try again in 1h58m37.632s. Need more tokens? Upgrade to Dev Tier today at https://console.groq.com/settings/billing', 'type': 'tokens', 'code': 'rate_limit_exceeded'}}
2026-04-18 17:17:19 - src.brain - WARNING - [Brain] Blueprint skipped due to rate limit — will use raw request
2026-04-18 17:17:19 - src.brain - WARNING - [Brain] Blueprint failed, falling back to direct React creation
2026-04-18 17:17:19 - src.brain - INFO - [Brain] Phase 2 (React): Generating code from approved blueprint
2026-04-18 17:17:19 - src.brain - INFO - [Brain] Creating Vite+React scaffold inline at: C:\Users\Chinmay\Desktop/dinosaur-chrom
2026-04-18 17:17:19 - src.system_controller - INFO - Wrote to file: C:\Users\Chinmay\Desktop\dinosaur-chrom\package.json (434 bytes, 414 chars)
2026-04-18 17:17:19 - src.system_controller - INFO - Wrote to file: C:\Users\Chinmay\Desktop\dinosaur-chrom\vite.config.js (139 bytes, 133 chars)
2026-04-18 17:17:19 - src.system_controller - INFO - Wrote to file: C:\Users\Chinmay\Desktop\dinosaur-chrom\index.html (313 bytes, 301 chars)
2026-04-18 17:17:19 - src.system_controller - INFO - Wrote to file: C:\Users\Chinmay\Desktop\dinosaur-chrom\src\main.jsx (245 bytes, 235 chars)
2026-04-18 17:17:19 - src.system_controller - INFO - Wrote to file: C:\Users\Chinmay\Desktop\dinosaur-chrom\src\index.css (359 bytes, 345 chars)
2026-04-18 17:17:19 - src.system_controller - INFO - Wrote to file: C:\Users\Chinmay\Desktop\dinosaur-chrom\src\App.jsx (148 bytes, 137 chars)
2026-04-18 17:17:19 - src.system_controller - INFO - Wrote to file: C:\Users\Chinmay\Desktop\dinosaur-chrom\src\App.css (146 bytes, 139 chars)
2026-04-18 17:17:19 - src.brain - INFO - [Brain] Vite+React scaffold created: 7 files in C:\Users\Chinmay\Desktop/dinosaur-chrom
2026-04-18 17:17:19 - src.brain - INFO - [Brain] Vite scaffold created successfully
2026-04-18 17:17:19 - src.brain - INFO - [Brain] Generating custom React (Vite) components...
2026-04-18 17:17:19 - src.brain - INFO - [Brain] Groq token budget: input~270 + output 11230 = ~11500 (limit: 12000)
2026-04-18 17:17:19 - src.brain - WARNING - Rate limit hit (model=qwen2.5-coder:14b): Error code: 429 - {'error': {'message': 'Rate limit reached for model `llama-3.3-70b-versatile` in organization `org_01knwcbhc4fb59fgfezant08sz` service tier `on_demand` on tokens per day (TPD): Limit 100000, Used 96723, Requested 11516. Please try again in 1h58m38.496s. Need more tokens? Upgrade to Dev Tier today at https://console.groq.com/settings/billing', 'type': 'tokens', 'code': 'rate_limit_exceeded'}}
2026-04-18 17:17:19 - src.brain - ERROR - [Brain] Custom code generation failed (scaffold still exists): Error code: 429 - {'error': {'message': 'Rate limit reached for model `llama-3.3-70b-versatile` in organization `org_01knwcbhc4fb59fgfezant08sz` service tier `on_demand` on tokens per day (TPD): Limit 100000, Used 96723, Requested 11516. Please try again in 1h58m38.496s. Need more tokens? Upgrade to Dev Tier today at https://console.groq.com/settings/billing', 'type': 'tokens', 'code': 'rate_limit_exceeded'}}
Traceback (most recent call last):
  File "C:\Users\Chinmay\Assistant\src\brain.py", line 1848, in _execute_react_creation_with_blueprint
    response = self._call_llm_with_retry(self.primary_model, code_prompt)
               ^^^^^^^^^^^^^^^^^^^^^^^^^^^^^^^^^^^^^^^^^^^^^^^^^^^^^^^^^^
  File "C:\Users\Chinmay\Assistant\src\brain.py", line 705, in _call_llm_with_retry
    raise e
  File "C:\Users\Chinmay\Assistant\src\brain.py", line 683, in _call_llm_with_retry
    return self._execute_groq_call(current_model, messages, tools)
           ^^^^^^^^^^^^^^^^^^^^^^^^^^^^^^^^^^^^^^^^^^^^^^^^^^^^^^^
  File "C:\Users\Chinmay\Assistant\src\brain.py", line 866, in _execute_groq_call
    raise e
  File "C:\Users\Chinmay\Assistant\src\brain.py", line 804, in _execute_groq_call
    response = client.chat.completions.create(**kwargs)
               ^^^^^^^^^^^^^^^^^^^^^^^^^^^^^^^^^^^^^^^^
  File "C:\Users\Chinmay\Assistant\venv\Lib\site-packages\groq\resources\chat\completions.py", line 461, in create
    return self._post(
           ^^^^^^^^^^^
  File "C:\Users\Chinmay\Assistant\venv\Lib\site-packages\groq\_base_client.py", line 1280, in post
    return cast(ResponseT, self.request(cast_to, opts, stream=stream, stream_cls=stream_cls))
                           ^^^^^^^^^^^^^^^^^^^^^^^^^^^^^^^^^^^^^^^^^^^^^^^^^^^^^^^^^^^^^^^^^
  File "C:\Users\Chinmay\Assistant\venv\Lib\site-packages\groq\_base_client.py", line 1067, in request
    raise self._make_status_error_from_response(err.response) from None
groq.RateLimitError: Error code: 429 - {'error': {'message': 'Rate limit reached for model `llama-3.3-70b-versatile` in organization `org_01knwcbhc4fb59fgfezant08sz` service tier `on_demand` on tokens per day (TPD): Limit 100000, Used 96723, Requested 11516. Please try again in 1h58m38.496s. Need more tokens? Upgrade to Dev Tier today at https://console.groq.com/settings/billing', 'type': 'tokens', 'code': 'rate_limit_exceeded'}}
2026-04-18 17:17:19 - src.brain - INFO - [PERF] process_command took 0.86s
2026-04-18 17:18:49 - src.brain - INFO - [Brain] Active project exists — routing to modification for 'C:\Users\Chinmay\Desktop/dinosaur-chrom'
2026-04-18 17:18:49 - src.brain - INFO - [Brain] Force-executing modification on 'C:\Users\Chinmay\Desktop/dinosaur-chrom'
2026-04-18 17:18:49 - src.system_controller - INFO - Read file: C:\Users\Chinmay\Desktop\dinosaur-chrom\index.html (301 chars)
2026-04-18 17:18:49 - src.system_controller - INFO - Read file: C:\Users\Chinmay\Desktop\dinosaur-chrom\package.json (414 chars)
2026-04-18 17:18:49 - src.system_controller - INFO - Read file: C:\Users\Chinmay\Desktop\dinosaur-chrom\vite.config.js (133 chars)
2026-04-18 17:18:49 - src.brain - INFO - [Brain] Groq token budget: input~391 + output 11109 = ~11500 (limit: 12000)
2026-04-18 17:18:49 - src.brain - WARNING - Rate limit hit (model=qwen2.5-coder:14b): Error code: 429 - {'error': {'message': 'Rate limit reached for model `llama-3.3-70b-versatile` in organization `org_01knwcbhc4fb59fgfezant08sz` service tier `on_demand` on tokens per day (TPD): Limit 100000, Used 96619, Requested 11585. Please try again in 1h58m8.256s. Need more tokens? Upgrade to Dev Tier today at https://console.groq.com/settings/billing', 'type': 'tokens', 'code': 'rate_limit_exceeded'}}
2026-04-18 17:18:49 - src.brain - ERROR - [Brain] Force-execute modification failed: Error code: 429 - {'error': {'message': 'Rate limit reached for model `llama-3.3-70b-versatile` in organization `org_01knwcbhc4fb59fgfezant08sz` service tier `on_demand` on tokens per day (TPD): Limit 100000, Used 96619, Requested 11585. Please try again in 1h58m8.256s. Need more tokens? Upgrade to Dev Tier today at https://console.groq.com/settings/billing', 'type': 'tokens', 'code': 'rate_limit_exceeded'}}
Traceback (most recent call last):
  File "C:\Users\Chinmay\Assistant\src\brain.py", line 1702, in _force_execute_modification
    response = self._call_llm_with_retry(self.primary_model, code_prompt)
               ^^^^^^^^^^^^^^^^^^^^^^^^^^^^^^^^^^^^^^^^^^^^^^^^^^^^^^^^^^
  File "C:\Users\Chinmay\Assistant\src\brain.py", line 705, in _call_llm_with_retry
    raise e
  File "C:\Users\Chinmay\Assistant\src\brain.py", line 683, in _call_llm_with_retry
    return self._execute_groq_call(current_model, messages, tools)
           ^^^^^^^^^^^^^^^^^^^^^^^^^^^^^^^^^^^^^^^^^^^^^^^^^^^^^^^
  File "C:\Users\Chinmay\Assistant\src\brain.py", line 866, in _execute_groq_call
    raise e
  File "C:\Users\Chinmay\Assistant\src\brain.py", line 804, in _execute_groq_call
    response = client.chat.completions.create(**kwargs)
               ^^^^^^^^^^^^^^^^^^^^^^^^^^^^^^^^^^^^^^^^
  File "C:\Users\Chinmay\Assistant\venv\Lib\site-packages\groq\resources\chat\completions.py", line 461, in create
    return self._post(
           ^^^^^^^^^^^
  File "C:\Users\Chinmay\Assistant\venv\Lib\site-packages\groq\_base_client.py", line 1280, in post
    return cast(ResponseT, self.request(cast_to, opts, stream=stream, stream_cls=stream_cls))
                           ^^^^^^^^^^^^^^^^^^^^^^^^^^^^^^^^^^^^^^^^^^^^^^^^^^^^^^^^^^^^^^^^^
  File "C:\Users\Chinmay\Assistant\venv\Lib\site-packages\groq\_base_client.py", line 1067, in request
    raise self._make_status_error_from_response(err.response) from None
groq.RateLimitError: Error code: 429 - {'error': {'message': 'Rate limit reached for model `llama-3.3-70b-versatile` in organization `org_01knwcbhc4fb59fgfezant08sz` service tier `on_demand` on tokens per day (TPD): Limit 100000, Used 96619, Requested 11585. Please try again in 1h58m8.256s. Need more tokens? Upgrade to Dev Tier today at https://console.groq.com/settings/billing', 'type': 'tokens', 'code': 'rate_limit_exceeded'}}
2026-04-18 17:18:49 - src.brain - INFO - [PERF] process_command took 0.32s
2026-04-18 17:18:49 - src.gui - INFO - Response is a status/path message, skipping TTS
2026-04-18 17:19:10 - src.brain - INFO - [Brain] Active project exists — routing to modification for 'C:\Users\Chinmay\Desktop/dinosaur-chrom'
2026-04-18 17:19:10 - src.brain - INFO - [Brain] Force-executing modification on 'C:\Users\Chinmay\Desktop/dinosaur-chrom'
2026-04-18 17:19:10 - src.system_controller - INFO - Read file: C:\Users\Chinmay\Desktop\dinosaur-chrom\index.html (301 chars)
2026-04-18 17:19:10 - src.system_controller - INFO - Read file: C:\Users\Chinmay\Desktop\dinosaur-chrom\package.json (414 chars)
2026-04-18 17:19:10 - src.system_controller - INFO - Read file: C:\Users\Chinmay\Desktop\dinosaur-chrom\vite.config.js (133 chars)
2026-04-18 17:19:10 - src.brain - INFO - [Brain] Groq token budget: input~400 + output 11100 = ~11500 (limit: 12000)
2026-04-18 17:19:10 - src.brain - WARNING - Rate limit hit (model=qwen2.5-coder:14b): Error code: 429 - {'error': {'message': 'Rate limit reached for model `llama-3.3-70b-versatile` in organization `org_01knwcbhc4fb59fgfezant08sz` service tier `on_demand` on tokens per day (TPD): Limit 100000, Used 96594, Requested 11583. Please try again in 1h57m44.928s. Need more tokens? Upgrade to Dev Tier today at https://console.groq.com/settings/billing', 'type': 'tokens', 'code': 'rate_limit_exceeded'}}
2026-04-18 17:19:10 - src.brain - ERROR - [Brain] Force-execute modification failed: Error code: 429 - {'error': {'message': 'Rate limit reached for model `llama-3.3-70b-versatile` in organization `org_01knwcbhc4fb59fgfezant08sz` service tier `on_demand` on tokens per day (TPD): Limit 100000, Used 96594, Requested 11583. Please try again in 1h57m44.928s. Need more tokens? Upgrade to Dev Tier today at https://console.groq.com/settings/billing', 'type': 'tokens', 'code': 'rate_limit_exceeded'}}
Traceback (most recent call last):
  File "C:\Users\Chinmay\Assistant\src\brain.py", line 1702, in _force_execute_modification
    response = self._call_llm_with_retry(self.primary_model, code_prompt)
               ^^^^^^^^^^^^^^^^^^^^^^^^^^^^^^^^^^^^^^^^^^^^^^^^^^^^^^^^^^
  File "C:\Users\Chinmay\Assistant\src\brain.py", line 705, in _call_llm_with_retry
    raise e
  File "C:\Users\Chinmay\Assistant\src\brain.py", line 683, in _call_llm_with_retry
    return self._execute_groq_call(current_model, messages, tools)
           ^^^^^^^^^^^^^^^^^^^^^^^^^^^^^^^^^^^^^^^^^^^^^^^^^^^^^^^
  File "C:\Users\Chinmay\Assistant\src\brain.py", line 866, in _execute_groq_call
    raise e
  File "C:\Users\Chinmay\Assistant\src\brain.py", line 804, in _execute_groq_call
    response = client.chat.completions.create(**kwargs)
               ^^^^^^^^^^^^^^^^^^^^^^^^^^^^^^^^^^^^^^^^
  File "C:\Users\Chinmay\Assistant\venv\Lib\site-packages\groq\resources\chat\completions.py", line 461, in create
    return self._post(
           ^^^^^^^^^^^
  File "C:\Users\Chinmay\Assistant\venv\Lib\site-packages\groq\_base_client.py", line 1280, in post
    return cast(ResponseT, self.request(cast_to, opts, stream=stream, stream_cls=stream_cls))
                           ^^^^^^^^^^^^^^^^^^^^^^^^^^^^^^^^^^^^^^^^^^^^^^^^^^^^^^^^^^^^^^^^^
  File "C:\Users\Chinmay\Assistant\venv\Lib\site-packages\groq\_base_client.py", line 1067, in request
    raise self._make_status_error_from_response(err.response) from None
groq.RateLimitError: Error code: 429 - {'error': {'message': 'Rate limit reached for model `llama-3.3-70b-versatile` in organization `org_01knwcbhc4fb59fgfezant08sz` service tier `on_demand` on tokens per day (TPD): Limit 100000, Used 96594, Requested 11583. Please try again in 1h57m44.928s. Need more tokens? Upgrade to Dev Tier today at https://console.groq.com/settings/billing', 'type': 'tokens', 'code': 'rate_limit_exceeded'}}
2026-04-18 17:19:10 - src.brain - INFO - [PERF] process_command took 0.32s
2026-04-18 17:19:10 - src.gui - INFO - Response is a status/path message, skipping TTS
2026-04-18 17:32:47 - __main__ - INFO - Starting Personal Desktop Assistant (Local Ollama Brain)...
2026-04-18 17:32:47 - src.voice_engine - INFO - Voice engine initialized with edge-tts, pygame, and persistent event loop
2026-04-18 17:32:47 - src.brain - INFO - Using Groq API for LLM connection.
2026-04-18 17:32:47 - src.brain - INFO - Brain initialized — fast: qwen2.5-coder:7b, primary: qwen2.5-coder:14b
2026-04-18 17:32:48 - src.voice_engine - INFO - Calibrating ambient noise (background)...
2026-04-18 17:32:48 - src.gui - INFO - Assistant GUI initialized
2026-04-18 17:32:50 - src.voice_engine - INFO - Ambient noise calibrated. Energy threshold: 150
2026-04-18 17:33:13 - src.brain - INFO - [Brain] User explicitly requested a framework (React/Vue/Angular).
2026-04-18 17:33:13 - src.brain - INFO - [Brain] React/framework creation detected — routing to React handler
2026-04-18 17:33:13 - src.brain - INFO - [Brain] Phase 1 (React): Generating blueprint for user approval
2026-04-18 17:33:13 - src.brain - INFO - [Brain] Phase 1: Generating project blueprint...
2026-04-18 17:33:13 - src.brain - INFO - [Brain] Using Groq for blueprint generation...
2026-04-18 17:33:14 - src.brain - INFO - [Brain] Groq token budget: input~256 + output 11244 = ~11500 (limit: 12000)
2026-04-18 17:33:14 - src.brain - WARNING - Rate limit hit (model=qwen2.5-coder:14b): Error code: 429 - {'error': {'message': 'Rate limit reached for model `llama-3.3-70b-versatile` in organization `org_01knwcbhc4fb59fgfezant08sz` service tier `on_demand` on tokens per day (TPD): Limit 100000, Used 95618, Requested 11531. Please try again in 1h42m56.736s. Need more tokens? Upgrade to Dev Tier today at https://console.groq.com/settings/billing', 'type': 'tokens', 'code': 'rate_limit_exceeded'}}
2026-04-18 17:33:14 - src.brain - WARNING - [Brain] Blueprint skipped due to rate limit — will use raw request
2026-04-18 17:33:14 - src.brain - WARNING - [Brain] Blueprint failed, falling back to direct React creation
2026-04-18 17:33:14 - src.brain - INFO - [Brain] Phase 2 (React): Generating code from approved blueprint
2026-04-18 17:33:14 - src.brain - INFO - [Brain] Creating Vite+React scaffold inline at: C:\Users\Chinmay\Desktop/pokemon-pokedox
2026-04-18 17:33:14 - src.system_controller - INFO - Wrote to file: C:\Users\Chinmay\Desktop\pokemon-pokedox\package.json (435 bytes, 415 chars)
2026-04-18 17:33:14 - src.system_controller - INFO - Wrote to file: C:\Users\Chinmay\Desktop\pokemon-pokedox\vite.config.js (139 bytes, 133 chars)
2026-04-18 17:33:14 - src.system_controller - INFO - Wrote to file: C:\Users\Chinmay\Desktop\pokemon-pokedox\index.html (314 bytes, 302 chars)
2026-04-18 17:33:14 - src.system_controller - INFO - Wrote to file: C:\Users\Chinmay\Desktop\pokemon-pokedox\src\main.jsx (245 bytes, 235 chars)
2026-04-18 17:33:14 - src.system_controller - INFO - Wrote to file: C:\Users\Chinmay\Desktop\pokemon-pokedox\src\index.css (359 bytes, 345 chars)
2026-04-18 17:33:14 - src.system_controller - INFO - Wrote to file: C:\Users\Chinmay\Desktop\pokemon-pokedox\src\App.jsx (148 bytes, 137 chars)
2026-04-18 17:33:14 - src.system_controller - INFO - Wrote to file: C:\Users\Chinmay\Desktop\pokemon-pokedox\src\App.css (146 bytes, 139 chars)
2026-04-18 17:33:14 - src.brain - INFO - [Brain] Vite+React scaffold created: 7 files in C:\Users\Chinmay\Desktop/pokemon-pokedox
2026-04-18 17:33:14 - src.brain - INFO - [Brain] Vite scaffold created successfully
2026-04-18 17:33:14 - src.brain - INFO - [Brain] Generating custom React (Vite) components...
2026-04-18 17:33:14 - src.brain - INFO - [Brain] Groq token budget: input~272 + output 11228 = ~11500 (limit: 12000)
2026-04-18 17:33:14 - src.brain - WARNING - Rate limit hit (model=qwen2.5-coder:14b): Error code: 429 - {'error': {'message': 'Rate limit reached for model `llama-3.3-70b-versatile` in organization `org_01knwcbhc4fb59fgfezant08sz` service tier `on_demand` on tokens per day (TPD): Limit 100000, Used 95617, Requested 11517. Please try again in 1h42m43.776s. Need more tokens? Upgrade to Dev Tier today at https://console.groq.com/settings/billing', 'type': 'tokens', 'code': 'rate_limit_exceeded'}}
2026-04-18 17:33:14 - src.brain - ERROR - [Brain] Custom code generation failed (scaffold still exists): Error code: 429 - {'error': {'message': 'Rate limit reached for model `llama-3.3-70b-versatile` in organization `org_01knwcbhc4fb59fgfezant08sz` service tier `on_demand` on tokens per day (TPD): Limit 100000, Used 95617, Requested 11517. Please try again in 1h42m43.776s. Need more tokens? Upgrade to Dev Tier today at https://console.groq.com/settings/billing', 'type': 'tokens', 'code': 'rate_limit_exceeded'}}
Traceback (most recent call last):
  File "C:\Users\Chinmay\Assistant\src\brain.py", line 1911, in _execute_react_creation_with_blueprint
    response = self._call_llm_with_retry(self.primary_model, code_prompt)
               ^^^^^^^^^^^^^^^^^^^^^^^^^^^^^^^^^^^^^^^^^^^^^^^^^^^^^^^^^^
  File "C:\Users\Chinmay\Assistant\src\brain.py", line 705, in _call_llm_with_retry
    raise e
  File "C:\Users\Chinmay\Assistant\src\brain.py", line 683, in _call_llm_with_retry
    return self._execute_groq_call(current_model, messages, tools)
           ^^^^^^^^^^^^^^^^^^^^^^^^^^^^^^^^^^^^^^^^^^^^^^^^^^^^^^^
  File "C:\Users\Chinmay\Assistant\src\brain.py", line 866, in _execute_groq_call
    raise e
  File "C:\Users\Chinmay\Assistant\src\brain.py", line 804, in _execute_groq_call
    response = client.chat.completions.create(**kwargs)
               ^^^^^^^^^^^^^^^^^^^^^^^^^^^^^^^^^^^^^^^^
  File "C:\Users\Chinmay\Assistant\venv\Lib\site-packages\groq\resources\chat\completions.py", line 461, in create
    return self._post(
           ^^^^^^^^^^^
  File "C:\Users\Chinmay\Assistant\venv\Lib\site-packages\groq\_base_client.py", line 1280, in post
    return cast(ResponseT, self.request(cast_to, opts, stream=stream, stream_cls=stream_cls))
                           ^^^^^^^^^^^^^^^^^^^^^^^^^^^^^^^^^^^^^^^^^^^^^^^^^^^^^^^^^^^^^^^^^
  File "C:\Users\Chinmay\Assistant\venv\Lib\site-packages\groq\_base_client.py", line 1067, in request
    raise self._make_status_error_from_response(err.response) from None
groq.RateLimitError: Error code: 429 - {'error': {'message': 'Rate limit reached for model `llama-3.3-70b-versatile` in organization `org_01knwcbhc4fb59fgfezant08sz` service tier `on_demand` on tokens per day (TPD): Limit 100000, Used 95617, Requested 11517. Please try again in 1h42m43.776s. Need more tokens? Upgrade to Dev Tier today at https://console.groq.com/settings/billing', 'type': 'tokens', 'code': 'rate_limit_exceeded'}}
2026-04-18 17:33:14 - src.brain - INFO - [PERF] process_command took 0.83s
2026-04-18 17:36:15 - src.brain - INFO - [Brain] Active project exists — routing to modification for 'C:\Users\Chinmay\Desktop/pokemon-pokedox'
2026-04-18 17:36:15 - src.brain - INFO - [Brain] Force-executing modification on 'C:\Users\Chinmay\Desktop/pokemon-pokedox'
2026-04-18 17:36:15 - src.brain - INFO - [PERF] process_command took 0.00s
2026-04-18 17:36:23 - src.brain - INFO - [Brain] Active project exists — routing to modification for 'C:\Users\Chinmay\Desktop/pokemon-pokedox'
2026-04-18 17:36:23 - src.brain - INFO - [Brain] Force-executing modification on 'C:\Users\Chinmay\Desktop/pokemon-pokedox'
2026-04-18 17:36:23 - src.system_controller - INFO - Read file: C:\Users\Chinmay\Desktop\pokemon-pokedox\src\App.jsx (137 chars)
2026-04-18 17:36:23 - src.brain - INFO - [Brain] Reading 1 file(s) for modification: ['src/App.jsx']
2026-04-18 17:36:23 - src.brain - INFO - [Brain] Groq token budget: input~191 + output 11309 = ~11500 (limit: 12000)
2026-04-18 17:36:23 - src.brain - WARNING - Rate limit hit (model=qwen2.5-coder:14b): Error code: 429 - {'error': {'message': 'Rate limit reached for model `llama-3.3-70b-versatile` in organization `org_01knwcbhc4fb59fgfezant08sz` service tier `on_demand` on tokens per day (TPD): Limit 100000, Used 95398, Requested 11519. Please try again in 1h39m36.288s. Need more tokens? Upgrade to Dev Tier today at https://console.groq.com/settings/billing', 'type': 'tokens', 'code': 'rate_limit_exceeded'}}
2026-04-18 17:36:23 - src.brain - ERROR - [Brain] Force-execute modification failed: Error code: 429 - {'error': {'message': 'Rate limit reached for model `llama-3.3-70b-versatile` in organization `org_01knwcbhc4fb59fgfezant08sz` service tier `on_demand` on tokens per day (TPD): Limit 100000, Used 95398, Requested 11519. Please try again in 1h39m36.288s. Need more tokens? Upgrade to Dev Tier today at https://console.groq.com/settings/billing', 'type': 'tokens', 'code': 'rate_limit_exceeded'}}
Traceback (most recent call last):
  File "C:\Users\Chinmay\Assistant\src\brain.py", line 1751, in _force_execute_modification
    response = self._call_llm_with_retry(self.primary_model, code_prompt)
               ^^^^^^^^^^^^^^^^^^^^^^^^^^^^^^^^^^^^^^^^^^^^^^^^^^^^^^^^^^
  File "C:\Users\Chinmay\Assistant\src\brain.py", line 705, in _call_llm_with_retry
    raise e
  File "C:\Users\Chinmay\Assistant\src\brain.py", line 683, in _call_llm_with_retry
    return self._execute_groq_call(current_model, messages, tools)
           ^^^^^^^^^^^^^^^^^^^^^^^^^^^^^^^^^^^^^^^^^^^^^^^^^^^^^^^
  File "C:\Users\Chinmay\Assistant\src\brain.py", line 866, in _execute_groq_call
    raise e
  File "C:\Users\Chinmay\Assistant\src\brain.py", line 804, in _execute_groq_call
    response = client.chat.completions.create(**kwargs)
               ^^^^^^^^^^^^^^^^^^^^^^^^^^^^^^^^^^^^^^^^
  File "C:\Users\Chinmay\Assistant\venv\Lib\site-packages\groq\resources\chat\completions.py", line 461, in create
    return self._post(
           ^^^^^^^^^^^
  File "C:\Users\Chinmay\Assistant\venv\Lib\site-packages\groq\_base_client.py", line 1280, in post
    return cast(ResponseT, self.request(cast_to, opts, stream=stream, stream_cls=stream_cls))
                           ^^^^^^^^^^^^^^^^^^^^^^^^^^^^^^^^^^^^^^^^^^^^^^^^^^^^^^^^^^^^^^^^^
  File "C:\Users\Chinmay\Assistant\venv\Lib\site-packages\groq\_base_client.py", line 1067, in request
    raise self._make_status_error_from_response(err.response) from None
groq.RateLimitError: Error code: 429 - {'error': {'message': 'Rate limit reached for model `llama-3.3-70b-versatile` in organization `org_01knwcbhc4fb59fgfezant08sz` service tier `on_demand` on tokens per day (TPD): Limit 100000, Used 95398, Requested 11519. Please try again in 1h39m36.288s. Need more tokens? Upgrade to Dev Tier today at https://console.groq.com/settings/billing', 'type': 'tokens', 'code': 'rate_limit_exceeded'}}
2026-04-18 17:36:23 - src.brain - INFO - [PERF] process_command took 0.30s
